node,in_degree,out_degree,betweenness,bridging_coef,bridging_centrality,cascade_number
R_2AGPEAT160,9,13,3.4818916177849154e-06,0.4993868318187237,1.7388108237417793e-06,0
R_2AGPEAT180,9,12,3.54276536006992e-06,0.5318692987369952,1.8842881276501066e-06,0
R_5DGLCNR,390,13,0.00010599767998805697,0.0017994504493692995,1.9073757288661234e-07,0
R_AACPS10,23,14,0.0012796905223002482,0.050556590928238394,6.469679025067737e-05,0
R_AACPS11,23,12,7.942606879338685e-05,0.04682935153869796,3.7194712968623204e-06,0
R_AACPS3,28,13,0.0007157258740648791,0.0441343692706867,3.158811002256438e-05,0
R_ABTA,7,17,8.351360124135488e-05,0.3308639074939289,2.7631636435604508e-05,0
R_ACACT1r,38,64,0.00012381587968991859,0.02287596837251079,2.8324081478011786e-06,0
R_ACALD,114,231,0.001653174224452206,0.0021912069941396797,3.6224469231511144e-06,0
R_ACBIPGT,387,4,0.0006078832135248466,0.0018349003414517397,1.1154051160595217e-06,0
R_AGPAT160,2,11,8.102649665777448e-06,0.3887590268941411,3.1499781993317783e-06,0
R_ACCC_1,484,253,0.011305143789687909,0.000488282859474701,5.52010793640147e-06,0
R_AGPAT160190,2,10,5.030799355980877e-06,0.43428411020661595,2.184796221940172e-06,0
R_AGPAT190,2,10,5.039650313839267e-06,0.417216831484541,2.1026269357300916e-06,0
R_AGPR,225,222,0.004143370457808647,0.001451125122112151,6.012548961543453e-06,0
R_ACChex,449,255,0.004400694899961571,0.0006168013116582347,2.714354386504001e-06,0
R_ACGAMPM,0,2,0.0,123.76213130352046,0.0,0
R_AHCi,169,9,0.0028233785073325337,0.004826606205810592,1.3627336224843453e-05,0
R_CHLabc,146,243,0.00045553430263361143,0.0034485420475397354,1.5709291967286998e-06,0
R_ACGAMT,2,3,4.940694703839705e-06,2.8214816025504894,1.3940079210702368e-05,0
R_CHOLD,29,220,9.536497314076913e-05,0.009020562205712615,8.602456724624206e-07,0
R_CHORM,1,2,7.69713024017731e-07,5.937181158922974,4.5699256639756995e-06,0
R_AHCYSNS,169,1,0.00014277389218619155,0.0055204281507438445,7.881730136159185e-07,0
R_ACGK,5,4,4.880699367761626e-05,3.1099056585020306,0.00015178514581249162,0
R_AHMMPS,386,25,0.00204178965079824,0.0016802877151539705,3.430794067164798e-06,0
R_AICART,3,5,1.1527924897878454e-05,0.5721508986562894,6.595712589963371e-06,0
R_CHORS,1,25,0.002885575288143043,0.04089312193117003,0.00011800018209960454,4
R_CHRPL,1,12,3.0386405044730437e-06,0.21881102450692969,6.648880418920003e-07,0
R_ACGS,75,278,0.0028053757335408254,0.001617964439403911,4.538998176035717e-06,0
R_CIGAMS,9,225,0.0015111410313981724,0.006484937434707839,9.799655043637022e-06,0
R_CITL,2,5,1.9404486341887927e-05,1.2105149249703173,2.348942032823801e-05,0
R_AIRCr,110,219,0.004578863385271492,0.002757297546531674,1.2625288778112798e-05,0
R_ACHBS,404,7,8.929194208904397e-05,0.001034426276046803,9.236593113615655e-08,0
R_AKGDb,82,7,0.001030337661417684,0.014957043485745666,1.5410805206825793e-05,0
R_ALAALAD,144,2,0.00013359707801309973,0.020662456565250578,2.760443821690066e-06,0
R_ALAALAr,6,245,0.0013656223238139626,0.005159132207422898,7.045426113964316e-06,0
R_ALAD_L,162,230,0.0007458197431951576,0.0030005153059463707,2.237843554934062e-06,0
R_ALAR,5,2,6.726043297782864e-06,0.796258119381699,5.355666587172464e-06,0
R_ALAt2r,9,225,0.0006861515538993187,0.005845815595202216,4.011115454456872e-06,0
R_CITabc,145,242,0.0012585056621372125,0.0022922593921152782,2.8848214240642823e-06,0
R_CLPNS160190,1,3,1.949377066090418e-06,0.9548131142161559,1.8612907872553453e-06,0
R_CMCBTFL,2,1,0.0007202881152460985,1.3248945147679325,0.0009543057729420883,1
R_CMCBTFU,1,3,0.0007262905162064821,0.7391823094928742,0.0005368611011322792,0
R_CMLDC,0,222,0.0,0.010046453057048058,0.0,0
R_CO2t,0,6,0.0,10.283809521952723,0.0,0
R_COAt,0,64,0.0,0.03722630949266993,0.0,0
R_COBALTt5,0,1,0.0,1.0,0.0,1
R_ALDD1,158,221,0.0003126887786663831,0.003977028390504824,1.2435721501484847e-06,0
R_ACKr,15,5,0.000509942742091773,0.2484878070947899,0.0001267145537262887,0
R_ACLS,403,6,7.390040597704887e-05,0.0010922266369613185,8.071599189038821e-08,0
R_ALDD19xr,159,219,0.00034379886398211754,0.004095457197608383,1.4080135320251487e-06,0
R_ACODA,143,5,0.00041316125786964013,0.015840161099689897,6.54454088480562e-06,0
R_ALDD2x,163,221,0.001124185448372145,0.002033704160878008,2.28626062395294e-06,0
R_COCHL,146,241,0.0009967421815763053,0.0034846992557402345,3.4733467383038487e-06,1
R_COt,0,1,0.0,1.0,0.0,1
R_AMAOTr,2,1,7.642651867114028e-07,33.949323866561876,2.5946286343603795e-05,0
R_CPC6R,390,13,0.00010599767998805697,0.0017994504493692995,1.9073757288661234e-07,0
R_ACONT,2,2,0.0007203297522919487,1.6303275243970141,0.0011743734218036472,1
R_CPPPGO,390,258,0.002322872443244171,0.0007548480859776111,1.7534158177529997e-06,0
R_ACOTA,6,16,6.096500933166793e-05,0.36944885835417124,2.2523453097136112e-05,0
R_CRNabc,145,240,0.0002746304835180033,0.0035367397646097368,9.712965516321212e-07,0
R_ACP1_FMN,146,21,0.00022334596583059872,0.012131799384284821,2.7095884507461565e-06,0
R_CS,185,279,0.0031197379583343967,0.001449385661935699,4.521703465806426e-06,0
R_CTPS1,38,243,0.002932413977639468,0.00303853527255655,8.910243304795378e-06,0
R_CTPS2,149,255,0.0007256995875733601,0.002777599455547149,2.0157027793345556e-06,0
R_CYANST,1,218,0.0,0.010428329024870663,0.0,0
R_CYO1a,389,41,0.003544369181647793,0.001573488306675515,5.5770234618638665e-06,0
R_CYO1b,5,255,0.00028569837473942095,0.003455991027990021,9.873710198107696e-07,0
R_CYRDAAT,388,2,5.9679874337598744e-05,0.001861891855072959,1.111174719409528e-07,0
R_AMID4,144,8,0.0007816699840685347,0.004690053189788384,3.6660738021424667e-06,0
R_AMMQT8,388,6,0.00035723477585686373,0.0016742898907242878,5.981145738323038e-07,0
R_ACPS1,81,227,0.0009066960161521968,0.0039764845547313465,3.6054627040656542e-06,0
R_CYRDAR2,1,220,1.2223658555248805e-08,0.010159586510906652,1.2418731657183447e-10,0
R_CYSS,2,228,0.00018124134103090827,0.0064193813484510085,1.163457284182061e-06,0
R_CYSTL,144,20,0.0010295892470798744,0.011840857390633232,1.2191219445602236e-05,0
R_ACS,96,24,0.0006631445442630408,0.013397007087135288,8.884152159287059e-06,0
R_CYSTS,6,253,0.0007987004915508381,0.0037725002375062393,3.0130977940718867e-06,0
R_CYTBD,394,296,0.007018208569540327,0.0005524256990268519,3.8770387749445575e-06,0
R_AMMQT8_2,3,222,0.0005269162173807448,0.006875160943402424,3.622633798181438e-06,0
R_CYTBD2,393,294,0.005796975202850121,0.0006413586281644952,3.7179400636035497e-06,0
R_ACS2,85,14,0.0007767241688207871,0.007083998442173835,5.5023128019252225e-06,0
R_CYTD,520,7,0.0007794838313266577,0.001134932441695867,8.846614879500128e-07,0
R_AMPTASECG,144,14,0.0030119867564374517,0.011095471125959296,3.341941208782354e-05,0
R_ANPRT,3,4,0.000732897906109353,0.2709630433554519,0.00019858824710822852,1
R_ANS,3,237,0.0001383997071647703,0.00556603790997738,7.703380168088795e-07,0
R_CYTDK2,3,223,7.33627220300439e-05,0.008565748867221652,6.284066531251455e-07,0
R_ACYSBMNt,1,1,0.0007216219821261839,0.4965986394557823,0.0003583564945252478,1
R_CYTDt2,9,219,8.050541307040365e-05,0.009865979992515605,7.942647946418067e-07,0
R_CYTK1,15,6,6.1455712049024e-05,0.17023739368448726,1.0462060246250187e-05,0
R_AOXSr,388,71,0.0012184167443380562,0.000967393776543729,1.1786887757093074e-06,0
R_APRAUR,392,14,0.00015028248058201663,0.0017735161573791951,2.6652840748323164e-07,0
R_CYTK2,4,5,1.0575181609003544e-06,1.1749937212486288,1.2425771991643135e-06,0
R_ADA,521,9,0.0005269963934304288,0.001116641349314281,5.884659638439138e-07,0
R_ARACHTA,20,65,0.00034236378361267,0.013176585678684957,4.511185728051103e-06,0
R_ARB_Dabc,145,240,0.0002746304835180033,0.0035367397646097368,9.712965516321212e-07,0
R_Clt,0,0,0.0,0.0,0.0,0
R_ADCL,1,226,0.001483986777516542,0.003278667730968224,4.865499560627008e-06,2
R_Cuabc,146,241,0.0002746304835180033,0.003506157552017839,9.62897743800958e-07,0
R_Cut1,146,242,0.0009955855322041456,0.0014837850227971499,1.4772349015980407e-06,1
R_ARBabc,145,240,0.0002746304835180033,0.0035367397646097368,9.712965516321212e-07,0
R_ARBt2r,9,218,4.2957610238046986e-05,0.010009065587358625,4.2996553834880064e-07,0
R_DADA,520,7,0.00022446688649651702,0.0011302073988332067,2.5369413591141715e-07,0
R_ARGDC,388,7,6.69703270365106e-05,0.0014689481240509625,9.83759362673617e-08,0
R_ADCPS1,6,242,0.0003889083671713764,0.007268272910184473,2.8266921496557917e-06,0
R_ARGDr,145,7,0.00020615530700376924,0.00941569015514658,1.941094494586611e-06,0
R_ARGSL,1,9,5.673168572256933e-06,0.5556321852935973,3.152195051342077e-06,0
R_ARGSS,7,225,0.0008845772936778515,0.00703179354320932,6.22016490215349e-06,1
R_ARGt5r,0,4,0.0,17.617501348603223,0.0,0
R_DADK,4,5,9.769404008582717e-07,1.08792198541696,1.0628349405357718e-06,0
R_DAGK160,5,223,5.47589337028353e-05,0.009693991505629227,5.308326381725994e-07,0
R_DALAOX,148,21,0.0004498797463200386,0.010546557841003225,4.744682766060145e-06,0
R_DALAt2r,9,220,4.8673934822605094e-05,0.009703361854714307,4.7230080247651666e-07,0
R_DAPDC,387,14,0.0008535220741306312,0.0014965709214507972,1.2773563169602745e-06,0
R_DAPE,1,3,5.545991584354059e-05,14.34591138970012,0.0007956230383716591,0
R_DASYN160,388,7,0.0013647123332872037,0.00167540908182738,2.2864514372712157e-06,0
R_ASAD,225,222,0.0041054611351297055,0.0014918754252670947,6.124836576889158e-06,0
R_ASNN,145,17,0.0028184810621068924,0.011639558916790835,3.2805876378252386e-05,0
R_DASYN160190,388,6,0.0008300250274309867,0.0016725659933671691,1.38827163452472e-06,0
R_ASNS1,149,238,0.0005189363272511229,0.0031890071155443902,1.6548916401183032e-06,0
R_ADCPS2,5,240,0.00036915853138370713,0.007416424114697932,2.737836234300599e-06,0
R_DASYN190190,388,5,0.0003217486741344651,0.0016768218864800623,5.395152187346126e-07,0
R_DB4PS,2,221,0.0001713264533414657,0.0067035490841616365,1.1484952893898438e-06,0
R_ASNt2r,9,220,4.456150590380946e-05,0.009750913619541486,4.34515394824734e-07,0
R_DBTS,113,243,0.010957631947579309,0.0016146435666435015,1.7692669929806233e-05,3
R_ASP1DC,387,7,0.00021361731279242704,0.001848875635515937,3.9495184494630525e-07,0
R_ADCS,3,16,0.0021813644942396586,0.33655662804759096,0.0007341526787240382,3
R_ASPCT,3,238,5.0674082562542926e-05,0.007567727910886229,3.8348766896710925e-07,0
R_ASPK,5,4,6.655931997863964e-06,5.879743168451861,3.913517069412079e-05,0
R_DCPDP,144,240,0.001595993856044156,0.002604378314216174,4.15657178830365e-06,0
R_DCPDPP,144,21,0.001886468229067096,0.008135845265630038,1.5348013610217014e-05,1
R_ADCYRS,148,255,0.0013151712034282046,0.0029119754492235844,3.829746255908768e-06,0
R_DCPDPS,3,5,2.8390173329898233e-06,0.48480651369913585,1.376374095538215e-06,0
R_DCPE,1,3,0.0010554689287022665,0.3810623556581986,0.00040219947629532095,0
R_ASPO5,7,222,0.0018626078312806054,0.005012319510067602,9.335985572332482e-06,0
R_ASPTA,8,18,0.00018443934988678892,0.2042732833589893,3.767603158197181e-05,0
R_ASPt2r,9,228,0.00020054494555470163,0.0068148844179793736,1.366690624565258e-06,0
R_DCPT,9,4,0.0005043793188701135,0.08636764861160195,4.35620557791331e-05,0
R_ADK1,62,4,0.0008153199262094589,0.01955334086606929,1.5942228432072012e-05,0
R_DCTPD,520,7,0.00020509639010059125,0.0010845410833314284,2.224354611070605e-07,0
R_AST,5,277,0.0010808276444012911,0.0029675895867258334,3.2074528625706835e-06,0
R_ADK2,65,7,0.002445235248313764,0.017041469014406556,4.167040071707373e-05,0
R_ATPPRT,5,4,2.389258117941853e-05,3.5021523114850424,8.367545840484462e-05,0
R_ATPS4r,214,582,0.038501046266804013,0.0002644532807252311,1.0181727996610233e-05,0
R_BACCL,390,3,7.132675178501724e-05,0.0016084058697599822,1.1472236624193502e-07,0
R_BALAt2r,9,219,4.7556101834851265e-05,0.00986810596905283,4.6928865238138e-07,0
R_DCTPD2,520,14,0.0009750821606209296,0.0010807806234303654,1.053849905451716e-06,0
R_DCYTD,520,8,0.0005287042219464662,0.0011281242650251063,5.964440617990279e-07,0
R_DDPA,146,21,0.00154062169021829,0.00986497233286194,1.5198190349410429e-05,2
R_ADMDC,387,7,0.00032270587321407115,0.001850684739453102,5.97226834889169e-07,0
R_DESAT16,394,265,0.0018548543077037088,0.0007327365677914931,1.3591195791800816e-06,0
R_DESAT18,394,266,0.0018529641907400309,0.0007327241251211335,1.3577115655407783e-06,0
R_DGC3D,28,219,9.51917012176208e-05,0.009201408775225512,8.75897754912461e-07,0
R_BDH,28,220,0.00017145909544975712,0.006918137370753515,1.1861775757865586e-06,0
R_BETALDHx,159,219,0.00028713271110921204,0.004110174880801797,1.1801656566576026e-06,0
R_BMNMSHS,2,219,2.3752452393691304e-05,0.009960657327393159,2.3659003897877848e-07,0
R_ADNCYC,3,4,4.4312378016428634e-07,5.202276996205103,2.305252648020114e-06,0
R_BMNt,0,1,0.0,1.0,0.0,1
R_BPNT,146,28,7.281735006159231e-05,0.012085361308038483,8.800239849882613e-07,0
R_DGK1,3,5,1.309375290451737e-07,1.5637980399765037,2.0475985128020917e-07,0
R_DHAD1,0,255,0.0,0.0033718712425724155,0.0,0
R_DHAD2,1,254,0.00012667810427372442,0.003862116626555449,4.89245612736076e-07,0
R_BTS2,5,226,0.0008608044444939561,0.003854852320203276,3.3182740100988187e-06,0
R_DHDPRy,390,14,0.00011029316465664468,0.0017888483337336067,1.9729774381824515e-07,0
R_ADNK1,5,224,0.0003210457255695431,0.009073042691538063,2.9128615740282776e-06,0
R_DHDPS,23,460,0.00458901520813261,0.0008988673503447837,4.1249159408260756e-06,0
R_DHFR_copy1,391,17,0.0007093446119566338,0.0015774885632527788,1.1189830127665701e-06,0
R_DHFS,42,240,0.0015960374983311641,0.0021325350044949934,3.4036058336778273e-06,0
R_BTS3r,1,10,0.002094400322332416,0.1010252052517664,0.00021158722244299805,2
R_CAATPS,145,61,0.005356603615420526,0.004078956921829388,2.1849355394615877e-05,0
R_CAT,11,284,0.0015120451340099937,0.0016811592937673117,2.541988729636541e-06,0
R_ADNK3,3,223,0.00031420475233149994,0.008911928953424702,2.800170429606732e-06,0
R_CAt4,9,219,8.248116009074938e-05,0.004665276752971311,3.8479743872947814e-07,0
R_DHNAOT,2,227,0.00035336663590933976,0.005898976508840663,2.0845014842372467e-06,0
R_CBIAT,388,3,0.0002931679744410747,0.001848001386690131,5.417748233002429e-07,0
R_ADNK4,3,222,0.0003734189385180554,0.008142595564898734,3.040599392626311e-06,0
R_CBLAT,388,1,5.563086599119058e-05,0.0018666782094561797,1.0384492531893232e-07,0
R_CBPS,148,255,0.0012304050668463563,0.002903482268288931,3.5724592944012527e-06,0
R_CDAPPA160,144,222,0.0003793197197846879,0.00392732021634786,1.4897100039698102e-06,0
R_ADOCBIK,5,221,0.0006700647798873128,0.00991647443401189,6.644680258884342e-06,0
R_CDAPPA160190,144,221,0.0004102348267283847,0.003972270044353492,1.6295635133637078e-06,0
R_ADOCBLS,2,221,0.0003701113190494171,0.008893211096263738,3.2914780894230847e-06,0
R_CDAPPA190,144,221,0.000463373298828527,0.003972270044353492,1.8406438742898171e-06,0
R_CDPMEK,4,222,0.0010591892766696172,0.007267565066463753,7.697726985897121e-06,1
R_ADPT,8,11,0.00440538972458976,0.48850357360854785,0.002152048623600474,0
R_CDPPT160,3,222,0.00029975003395725,0.008803719198251105,2.638915128625862e-06,0
R_CDPPT160190,3,222,0.0003359039998864496,0.008774221495695723,2.94729609629386e-06,0
R_DHNPA_1,1,2,1.7230470225897003e-06,25.53683180532216,4.400116200853431e-05,0
R_ADSK,5,224,0.0003131627262493343,0.009551918247242797,2.991304759217317e-06,0
R_DHNPA2r,1,2,1.7230470225897003e-06,25.53683180532216,4.400116200853431e-05,0
R_ADSL1r,1,13,8.064958672119243e-06,0.3387416367724326,2.7319373010956967e-06,0
R_DHORTS,143,218,0.00020288703433909465,0.0043629510340484085,8.85186196264768e-07,0
R_ADSL2r,1,6,3.6112036830148474e-06,0.4917240741169815,1.7757157874783093e-06,0
R_DHPPDA,519,7,0.00019610002769187003,0.001139261509931914,2.2340921364593003e-07,0
R_DHPPDA2,519,7,0.00019610002769187003,0.001139261509931914,2.2340921364593003e-07,0
R_EX_lac__L_e,1,0,0.0,232.0,0.0,0
R_DHPS2,2,4,9.040231564123026e-07,5.349421001784804,4.83600045901176e-06,0
R_ADSS,5,241,0.0015098587613370119,0.005591296357134013,8.442067792050509e-06,1
R_DHQTi,1,254,8.626160774476224e-05,0.003705478002514732,3.196404899597709e-07,0
R_AFTA,2,3,0.0003749475089177504,0.33538927853945655,0.00012575337450609076,0
R_DHQS,1,21,0.0007202881152460985,0.41299905016058336,0.00029747830743859547,1
R_DMATT,4,4,0.0007274795163866193,0.2795964197564,0.00020340066822781606,0
R_DMPPS,419,313,0.0032713128486111,0.0005751461038038208,1.8814828392020525e-06,0
R_EX_lcts_e,0,0,0.0,0.0,0.0,0
R_EX_leu__L_e,0,0,0.0,0.0,0.0,0
R_EX_lys__L_e,0,0,0.0,0.0,0.0,0
R_AGDC,143,2,2.8181244167821754e-05,0.018152732268483535,5.115665803712314e-07,0
R_EX_mal__L_e,0,0,0.0,0.0,0.0,0
R_DNMPPA,144,22,0.0014917635058376765,0.005539896945022237,8.264216088685806e-06,2
R_DNTPPA,144,222,0.00022040519864699855,0.004124422233492509,9.090441016770139e-07,0
R_EX_malt_e,0,0,0.0,0.0,0.0,0
R_AGMT,144,2,0.00015298120724649991,0.020725327532699383,3.170585626531475e-06,0
R_EX_malthp_e,0,0,0.0,0.0,0.0,0
R_DPCOAK,4,280,0.0003919148207300879,0.004133554471865218,1.62000125981911e-06,0
R_DPPS,3,4,1.4388471284557706e-06,0.5597178129503887,8.053483679092109e-07,0
R_DPR,391,14,0.0002902540413869976,0.0017820622134012405,5.172507594427683e-07,0
R_DRPA,1,8,6.821401908867549e-06,0.994916673317611,6.7867264945329035e-06,0
R_EX_meoh_e,0,0,0.0,0.0,0.0,0
R_EX_met__L_e,0,0,0.0,0.0,0.0,0
R_EX_mg2_e,1,0,0.0,1.0,0.0,0
R_DSERt2,9,219,0.0007632457254841454,0.008790333963747137,6.709184823408107e-06,1
R_EX_na1_e,0,0,0.0,0.0,0.0,0
R_FACOAL200,85,13,8.603212536199427e-05,0.023848266419174802,2.051717046240685e-06,0
R_EX_nh4_e,0,0,0.0,0.0,0.0,0
R_EX_no2_e,1,0,0.0,4.0,0.0,0
R_EX_no3_e,1,0,0.0,229.0,0.0,0
R_EX_no_e,0,0,0.0,0.0,0.0,0
R_DTMPK,7,5,0.00016383723155573613,0.4347673313853791,7.123107594505582e-05,0
R_DURIK1,5,224,0.00020395128254688532,0.006623328863970003,1.350836416536487e-06,0
R_DURIPP,151,3,0.0017453145507856152,0.00577668248499709,1.0082127996333827e-05,0
R_DUTPDP,145,224,0.0011256060063335245,0.0027914667769047743,3.1420917705644987e-06,0
R_DXPRIi,391,14,0.00011951725902963317,0.0017841683481841437,2.1323891062239704e-07,0
R_DXPS,410,8,0.0004337856275449155,0.0008223537181961948,3.56725223711631e-07,0
R_EX_o2_e,0,0,0.0,0.0,0.0,0
R_EX_ocdca_e,0,0,0.0,0.0,0.0,0
R_FACOAL80,84,13,5.524233961727267e-05,0.024075167019922798,1.3299685528571377e-06,0
R_EX_orn_e,0,0,0.0,0.0,0.0,0
R_EX_pac_e,0,0,0.0,0.0,0.0,0
R_ENO,0,256,0.0,0.003577150156105126,0.0,0
R_FACOALPHDCA,85,12,6.740567619653293e-05,0.01118236602781981,7.537549435823322e-07,0
R_EX_pdima_e,1,0,0.0,2.0,0.0,0
R_FACOALPREPH,85,12,5.406124597863002e-05,0.024278934792751283,1.3125494659300457e-06,0
R_EX_phdca_e,0,0,0.0,0.0,0.0,0
R_ETHAt,0,1,0.0,15.0,0.0,0
R_EX_acysbmn_e,1,0,0.0,2.0,0.0,0
R_EX_phe__L_e,0,0,0.0,0.0,0.0,0
R_FAH4,394,264,0.0015813353764423557,0.0007389319687019187,1.1684992628925396e-06,0
R_EX_pi_e,0,0,0.0,0.0,0.0,0
R_EX_ala_B_e,0,0,0.0,0.0,0.0,0
R_FAMPL1,414,9,0.0005936280122676025,0.0011410943123717097,6.773855484630847e-07,0
R_EX_ala__D_e,0,0,0.0,0.0,0.0,0
R_EX_ala__L_e,0,0,0.0,0.0,0.0,0
R_EX_arab__D_e,0,0,0.0,0.0,0.0,0
R_EX_arab__L_e,0,0,0.0,0.0,0.0,0
R_EX_ppa_e,0,0,0.0,0.0,0.0,0
R_EX_ppdima_e,1,0,0.0,2.0,0.0,0
R_EX_pro__L_e,0,0,0.0,0.0,0.0,0
R_EX_pyr_e,0,0,0.0,0.0,0.0,0
R_EX_rib__D_e,0,0,0.0,0.0,0.0,0
R_EX_ser__D_e,0,0,0.0,0.0,0.0,0
R_EX_ser__L_e,0,0,0.0,0.0,0.0,0
R_EX_arg__L_e,0,0,0.0,0.0,0.0,0
R_EX_asn__L_e,0,0,0.0,0.0,0.0,0
R_EX_asp__L_e,0,0,0.0,0.0,0.0,0
R_EX_skm_e,0,0,0.0,0.0,0.0,0
R_FAMPL2,414,9,0.0005936280122676025,0.0011410943123717097,6.773855484630847e-07,0
R_EX_so4_e,0,0,0.0,0.0,0.0,0
R_EX_succ_e,1,0,0.0,18.0,0.0,0
R_EX_tartr__L_e,0,0,0.0,0.0,0.0,0
R_EX_atp_e,0,0,0.0,0.0,0.0,0
R_EX_bmn_e,1,0,0.0,1.0,0.0,0
R_EX_ca2_e,2,0,0.0,54.11059907834102,0.0,0
R_FAMPL3,414,9,0.0005936280122676025,0.0011410943123717097,6.773855484630847e-07,0
R_EX_chol_e,1,0,0.0,388.0,0.0,0
R_EX_cit_e,0,0,0.0,0.0,0.0,0
R_EX_thr__L_e,0,0,0.0,0.0,0.0,0
R_EX_tre_e,0,0,0.0,0.0,0.0,0
R_EX_trp__L_e,0,0,0.0,0.0,0.0,0
R_EX_cl_e,0,0,0.0,0.0,0.0,0
R_EX_co2_e,0,0,0.0,0.0,0.0,0
R_EX_tsul_e,0,0,0.0,0.0,0.0,0
R_FAMPL4,414,9,0.0005936280122676025,0.0011410943123717097,6.773855484630847e-07,0
R_EX_ttdca_e,0,0,0.0,0.0,0.0,0
R_EX_tyr__L_e,0,0,0.0,0.0,0.0,0
R_EX_val__L_e,0,0,0.0,0.0,0.0,0
R_EX_coa_e,0,0,0.0,0.0,0.0,0
R_EX_cobalt2_e,1,0,0.0,1.0,0.0,0
R_EX_crn_e,0,0,0.0,0.0,0.0,0
R_EX_cu2_e,1,0,0.0,388.0,0.0,0
R_FAMPL5,414,9,0.0005936280122676025,0.0011410943123717097,6.773855484630847e-07,0
R_EX_cytd_e,0,0,0.0,0.0,0.0,0
R_EX_ac_e,0,0,0.0,0.0,0.0,0
R_EX_4abz_e,1,0,0.0,2.0,0.0,0
R_EX_for_e,0,0,0.0,0.0,0.0,0
R_EX_etha_e,0,0,0.0,0.0,0.0,0
R_EX_fe2_e,0,0,0.0,0.0,0.0,0
R_EX_fe3_e,0,0,0.0,0.0,0.0,0
R_EX_akg_e,0,0,0.0,0.0,0.0,0
R_EX_gua_e,0,0,0.0,0.0,0.0,0
R_EX_fum_e,0,0,0.0,0.0,0.0,0
R_FAO1,207,240,0.001550586070776637,0.0021832075643789767,3.3852512389402294e-06,0
R_EX_gal_e,0,0,0.0,0.0,0.0,0
R_EX_glc__D_e,0,0,0.0,0.0,0.0,0
R_EX_ad_e,0,0,0.0,0.0,0.0,0
R_ADtr,0,1,0.0,152.0,0.0,0
R_EX_urea_e,0,0,0.0,0.0,0.0,0
R_FAO10,207,240,0.0018869949770431598,0.0016526243888690798,3.1184939207349754e-06,0
R_EX_glu__L_e,0,0,0.0,0.0,0.0,0
R_EX_gly_e,0,0,0.0,0.0,0.0,0
R_EX_glyb_e,0,0,0.0,0.0,0.0,0
R_FAO11,207,240,0.001549819173086363,0.00218674932430752,3.3890660295454437e-06,0
R_EX_glyc3p_e,0,0,0.0,0.0,0.0,0
R_EX_glyc_e,1,0,0.0,4.0,0.0,0
R_FACOAE140,145,277,0.0008017063048890654,0.0022750625511958437,1.82393199131071e-06,0
R_EX_gthrd_e,0,0,0.0,0.0,0.0,0
R_FAO2,210,240,0.001659206144837409,0.0021449110463425294,3.5588495882211616e-06,0
R_FACOAE160,144,279,0.0007047663125317274,0.002127051853847521,1.4990744915998921e-06,0
R_EX_h2_e,1,0,0.0,2.0,0.0,0
R_FACOAE180,144,278,0.0006954023811253107,0.0021755986961183634,1.5129165136538311e-06,0
R_FAO3,210,240,0.001659651760323245,0.0021448265148306038,3.559665100926582e-06,0
R_EX_h2co3_e,0,0,0.0,0.0,0.0,0
R_EX_h2o_e,0,0,0.0,0.0,0.0,0
R_FAS100,391,325,0.0020316218086670382,0.0005768947525058112,1.1720319604963796e-06,0
R_EX_h2s_e,1,0,0.0,2.0,0.0,0
R_EX_h_e,9,0,0.0,5.572554454477131,0.0,0
R_FACOAL140,85,13,3.431486051383028e-05,0.023587811940836065,8.094124765762499e-07,0
R_FACOAL160,88,19,0.002338294797812075,0.021282503359766457,4.976476689055991e-05,0
R_FACOAL161,85,12,2.9866614135443805e-05,0.023924974059162312,7.145579684255035e-07,0
R_FACOAL180,88,14,7.136002104300613e-05,0.022323804439126727,1.593027154536037e-06,0
R_EX_hdca_e,0,0,0.0,0.0,0.0,0
R_EX_his__L_e,0,0,0.0,0.0,0.0,0
R_EX_id3acald_e,1,0,0.0,2.0,0.0,0
R_EX_ile__L_e,0,0,0.0,0.0,0.0,0
R_EX_k_e,1,0,0.0,5.0,0.0,0
R_FACOAL181,85,14,4.3283038361276434e-05,0.0133341585325854,5.771428952812354e-07,0
R_FAS120,391,325,0.0020316218086670382,0.000576881833280025,1.172005713515521e-06,0
R_FAS140,391,326,0.002031625977001038,0.0005757478828740395,1.1697043550502496e-06,0
R_GLUR,0,15,0.0,0.6004149509169391,0.0,0
R_FDH,38,32,0.0005316418134987976,0.03329109588335,1.769893858878655e-05,0
R_FAS160,391,330,0.002284349452986557,0.0005558529618783564,1.269762409407781e-06,0
R_GLUSy,394,27,0.003725670521517638,0.0016195361940162093,6.033858256577061e-06,0
R_FE3Ri,40,259,0.006034866496230531,0.0020700015157554897,1.249218279457922e-05,0
R_FAS161,394,324,0.0020896801009644052,0.0005677442795738094,1.1864039234617616e-06,0
R_FETRANS,0,6,0.0,2.174417852558157,0.0,0
R_GLUt2r,9,231,9.28892081092683e-05,0.007613671396430611,7.072279068186264e-07,0
R_FAS180,392,330,0.002247136801998051,0.0005597185635677753,1.2577641829546336e-06,0
R_GLXO1,164,220,0.0014436941648818921,0.002265981176355835,3.271383802037125e-06,0
R_FHL,388,7,0.0016053275161771452,0.0011464080610668348,1.8403604051978788e-06,2
R_FAS181,395,324,0.0021206185593794493,0.0005669564374107038,1.2022983435327915e-06,0
R_FMNAT,390,41,0.0033486749746688637,0.0010150574077233566,3.3990973390954534e-06,0
R_GLYBabc,145,240,0.0002746304835180033,0.0035367397646097368,9.712965516321212e-07,0
R_GLYC3Pabc,145,247,0.0008306505410121967,0.0026978691372159195,2.2409864584085117e-06,0
R_FOLD3,2,4,9.040231564123026e-07,5.349421001784804,4.83600045901176e-06,0
R_FAS200,392,325,0.0020625602411918076,0.000576080480064979,1.1882006939087154e-06,0
R_GLYCK,5,223,0.0006768136830776069,0.007738410910467155,5.237462389481213e-06,0
R_GLYCL,39,42,0.0003344128403337665,0.033419280934942674,1.1175836659366271e-05,0
R_GLYCTO1,6,8,0.0002626468752151494,0.22898535698355968,6.014228848175743e-05,0
R_DHFR_copy2,391,17,0.0007093446119566338,0.0015774885632527788,1.1189830127665701e-06,0
R_FOMETRi,386,253,0.0014138965303346763,0.0007819267126480207,1.105563465989036e-06,0
R_FORMCOAL,93,12,0.00015333282366780703,0.01214153595059051,1.8616959909682344e-06,0
R_FRD,41,40,0.0004950889685042331,0.009965891873277863,4.9340031277658556e-06,0
R_FRD2,9,6,5.596636354023026e-05,0.12220966558526562,6.839630572274943e-06,0
R_GLYCTO2,5,5,0.000170393559951247,0.372137289692071,6.340979758124048e-05,0
R_GLYCTO3,7,7,0.0002872733339057606,0.20923754102461647,6.010836598838494e-05,0
R_GLYCTO4,5,4,8.496953584056561e-05,0.3252485774690927,2.763622066035305e-05,0
R_FRD3,7,7,5.88135324525951e-05,0.13177875930060795,7.750374336689024e-06,0
R_FAS240_L,392,325,0.002062727000442092,0.000576080480064979,1.1882967606576743e-06,0
R_FRRPPDIMAS,2,221,4.279302477120036e-05,0.009614986588798599,4.114543592692177e-07,0
R_GLYCt,3,1,0.0007216219821261839,0.19867806150112313,0.00014337045654542834,1
R_GLYK,6,228,0.0005146964105201175,0.004730806345110028,2.4349290446939276e-06,0
R_GLYt2r,9,224,6.138722144372077e-05,0.008198917691764621,5.033087759431948e-07,0
R_FAS260,391,327,0.0020316300676642184,0.0005745421785169117,1.1672571650162607e-06,0
R_GMAND,2,254,0.0003308649715003901,0.0038382600732664546,1.2699458097523907e-06,0
R_GMPS2,149,239,0.0011917634561935345,0.002643431521831973,3.1503450866694068e-06,0
R_FTHFCL,3,24,2.340065239139849e-06,0.336299602842927,7.869630105492702e-07,0
R_FTHFD,144,225,0.0003849106807404677,0.0037306466620307846,1.4359657462844228e-06,0
R_FUM,148,2,8.315281169159911e-05,0.009553397289128664,7.943918457979492e-07,0
R_FUMt2r,9,223,0.00010385503541687182,0.007164753948000841,7.440957750227995e-07,0
R_GMT1,9,6,0.0031762048811762797,0.07503337614381984,0.0002383213755591364,0
R_FAS80_L,420,326,0.004654857114683616,0.0005531187226917557,2.5746886215864333e-06,0
R_GND,76,84,0.002127320684769411,0.012828184234509566,2.7289661670105055e-05,0
R_GPDDA2,145,226,0.0009050665344514749,0.0029356029809863094,2.656916016526698e-06,0
R_G16MTM1,3,222,9.675212489807567e-05,0.009236317171043546,8.936333125310462e-07,0
R_G16MTM10,3,221,6.948186469422695e-05,0.009634673595771227,6.694350871544175e-07,0
R_G16MTM2,3,223,0.00039455774380878016,0.008971444590703053,3.5397529364132817e-06,0
R_GRTT,3,8,1.0227039722455426e-05,0.1347063249104893,1.377646935725561e-06,0
R_GSNK,5,224,0.0007243261170958077,0.008530953873557099,6.179192694357054e-06,0
R_G16MTM4,3,222,0.0005348778023787814,0.007358184659009898,3.9357296399084775e-06,0
R_FASPHDCA,392,276,0.0023952673448547806,0.0006954103220753771,1.6656936357420965e-06,0
R_G16MTM5,2,221,0.0005029195115619308,0.007667533777869638,3.856152342450805e-06,0
R_G16MTM6,3,222,9.430720112827616e-05,0.009240532142352062,8.714487232810965e-07,0
R_G16MTM7,3,222,6.984975959511753e-05,0.009501122698646667,6.636511363841841e-07,0
R_G16MTM8,3,223,0.00037201169823665583,0.006625897742674961,2.4649114715949366e-06,0
R_G16MTM9,3,222,6.970417584090784e-05,0.00950071971871911,6.622398378887773e-07,0
R_GTHOr,390,15,0.0015514007813338556,0.001555553086351887,2.4132862735726077e-06,0
R_GTHRDt2_1,145,242,0.0005642288590950899,0.0027409268650148543,1.5465100379104128e-06,0
R_GTHS,7,242,0.0001264139988560437,0.005234746496918646,6.617452376731525e-07,0
R_GTMLT,10,2,0.0007695243148907916,0.19043132161444637,0.00014654153229910484,1
R_G1PACT,38,277,0.0010834007387533814,0.0037290711061256534,4.0400783912404216e-06,0
R_FASm1601,393,325,0.0021183920372202414,0.0005666091705377073,1.200300355083045e-06,0
R_G1PTT,389,4,0.001827316277819949,0.0017494480291730657,3.196794860907972e-06,2
R_G1SAT,1,1,0.0007202881152460985,136.96082746478874,0.09865125627715876,1
R_G3PAT160,6,11,0.00023719998405322346,0.19388022966000107,4.598838738358756e-05,0
R_GTPCI,144,221,0.0002401760728609891,0.004029182418375235,9.677132100859066e-07,0
R_GTPCII,144,223,0.00025798129906705254,0.003914833194543944,1.0099537531592658e-06,0
R_GTPCII2,144,223,0.00025798129906705254,0.003914833194543944,1.0099537531592658e-06,0
R_GTPDPK,4,222,2.441146584593565e-05,0.00895264470335165,2.1854718040666552e-07,0
R_G3PAT190,6,9,0.00013344398297988913,0.2943622655697077,3.928087315660568e-05,0
R_GTPH1,144,241,0.0003172299117260998,0.003195816878232923,1.01380870617461e-06,0
R_FASm180,392,325,0.0021963695153949018,0.0005615542182892816,1.2333805662919923e-06,0
R_GUACYC,1,4,7.96811437607936e-07,4.995242037759736,3.980265989306931e-06,0
R_GUAD,521,7,0.001335203004632939,0.0010577900017578667,1.4123643886177856e-06,0
R_G5SADs,3,460,0.0003000354912396688,0.0014744191434243855,4.423780719905072e-07,0
R_G5SD,391,32,0.0011147665894387976,0.0015864573314737747,1.7685296286971958e-06,0
R_GUAPRT,4,7,0.0009065805768417477,0.9048245894516007,0.0008202963982456297,0
R_G5SD2,419,106,0.002517243701133096,0.001109314060237324,2.7924138307107836e-06,0
R_FASm1801,392,325,0.0020872868454451868,0.0005673980827308047,1.1843225542148284e-06,0
R_G6PDH2r,77,223,0.001365966071562105,0.005208294156182823,7.114353108060919e-06,0
R_GALFT,145,221,0.0029947724955416183,0.0022529328774640355,6.747021415730729e-06,0
R_H2CO3D,204,0,0.0,0.004605545671993846,0.0,0
R_GALKr,5,221,0.00023552871428561214,0.009759940248817779,2.298746178308449e-06,0
R_FASm2001,392,325,0.0020872868454451868,0.0005673976343459442,1.1843216183070074e-06,0
R_GALT,388,4,0.0007860704501580853,0.0014572924791081646,1.145534555064547e-06,0
R_GALUi,390,6,0.0021412588332308993,0.0013084707800281748,2.801774615759854e-06,1
R_H2CO3TP,0,0,0.0,0.0,0.0,0
R_H2Ot,0,253,0.0,0.003911913241185637,0.0,0
R_GALt2,9,219,4.694390761586145e-05,0.009865979992515605,4.6314765330859e-07,0
R_GAPD,184,219,0.0037888456846886663,0.0011915851781182359,4.514732360052254e-06,0
R_GARFT,2,224,9.099049814172584e-07,0.008622367039749416,7.845534721075973e-09,0
R_H2St1,1,1,0.0007216219821261839,0.45833333333333337,0.00033074340847450096,1
R_H2td,1,1,0.0007216219821261839,0.49873737373737376,0.000359899852196771,1
R_FASm2002,393,325,0.0021183920372202414,0.0005666096133498483,1.2003012931327583e-06,0
R_HCO3E,204,223,0.00500059733701312,0.001754766109290981,8.774878733201354e-06,0
R_GCCa,388,7,0.00018578843818880977,0.0017775708387193225,3.302521098956356e-07,0
R_GCCb,9,12,5.742781945175754e-05,0.15905788866119502,9.134347712412861e-06,0
R_GCCc,29,219,0.00017811885432170843,0.008269347178044211,1.4729266453416875e-06,0
R_HCYSMT,5,224,0.00028672312608392776,0.00918618848025179,2.6338926778539586e-06,0
R_HDCAt2,9,223,5.927108643366612e-05,0.008240376828734663,4.884160872619118e-07,0
R_FASm220,393,325,0.0021183920372202414,0.0005666073869443482,1.2002965767330755e-06,0
R_HEX1,8,228,0.003194899394548032,0.0027131309850115543,8.66818054134292e-06,0
R_GF6PTA,7,15,0.00015370889412936103,0.05672189716086169,8.718660085515393e-06,0
R_FASm2201,392,325,0.0020872868454451868,0.0005673976343459441,1.1843216183070072e-06,0
R_GFUCS,391,15,0.0008349251696762538,0.0017778456411600746,1.4843680736037634e-06,0
R_HISTD,159,221,0.0007035137228034676,0.0040380852650584225,2.840848397819078e-06,0
R_HISTP,144,21,0.00016123411990607214,0.013840909151090281,2.2316268056759417e-06,0
R_GGLUCT2,1,9,0.00023439133726918057,0.3383044547960656,7.929563356377086e-05,0
R_FASm2202,392,325,0.0020872868454451868,0.0005673989782554012,1.1843244234315383e-06,0
R_GHMT2r,10,262,0.001062124370757698,0.002709100431707766,2.8774015913470194e-06,0
R_FASm240,392,325,0.0020872868454451868,0.0005673980827308047,1.1843225542148284e-06,0
R_GK1,11,7,6.642801683594435e-05,0.37581169403987624,2.4964425538825667e-05,0
R_HISt2r,9,220,6.453155483890013e-05,0.009788257102065517,6.316514499591946e-07,0
R_GLCabc,145,242,0.00044543682060395974,0.003491029205194097,1.5550329497972271e-06,0
R_FASm2401,392,325,0.0020872868454451868,0.0005673976343459442,1.1843216183070074e-06,0
R_HMBS,143,7,0.0007468194055002824,0.019356696214227462,1.4455956359158919e-05,1
R_FASm2402,392,327,0.00209129842312208,0.0005651053672783572,1.1818039634870523e-06,0
R_HMPK1,5,222,3.540534676383938e-05,0.008339818398224444,2.9527416233658393e-07,0
R_HMPK2,5,221,0.00011477467756635838,0.0074988693933322565,8.606803167319432e-07,0
R_GLGC,390,4,0.0016117166807678163,0.0018223600281239048,2.937128055691804e-06,1
R_GLNS,74,258,0.006055689334267297,0.0015749068825420135,9.53714681107383e-06,0
R_GLNSP1,38,240,0.002816116620214838,0.0031918280369167265,8.988559983628892e-06,0
R_HMPK3,4,221,0.0001257009021002002,0.007864887300793606,9.886234286261649e-07,0
R_FASm260,392,325,0.0020872868454451868,0.0005673980827308047,1.1843225542148284e-06,0
R_HMPK4,3,221,5.3718625676191605e-05,0.008215034336480626,4.4130035443846383e-07,0
R_HOPNTAL,1,13,0.0007262905162064836,1.4599528501491577,0.0010603499091719588,0
R_HPPK,4,222,0.0010826048355723472,0.004547034157732423,4.922641166673756e-06,0
R_HPPK2,4,222,0.0010826048355723472,0.004547034157732417,4.922641166673749e-06,0
R_GLNSP2,38,240,0.002816116620214838,0.0031918280369167265,8.988559983628892e-06,0
R_GLNSP3,38,240,0.002816116620214838,0.0031918280369167273,8.988559983628894e-06,0
R_GLU5K,40,6,0.0001595308500679853,0.027051984794665893,4.315626130319263e-06,0
R_GLUCYS,44,242,0.0011847894255976558,0.002126547567225559,2.5195110706792623e-06,0
R_GLUDC,406,7,0.0003074957130475938,0.0011464704459707394,3.525347472717654e-07,0
R_GLUDxi,190,239,0.0028148379454729826,0.0016104844759172964,4.533252813407176e-06,0
R_HSDy,75,224,0.0010048600264601297,0.006355711736978082,6.386600664192752e-06,0
R_GLUPRT,147,19,0.0007752717732690517,0.01307583227919522,1.0137323678060384e-05,0
R_FASm2601,392,325,0.0020872868454451868,0.0005673980827308047,1.1843225542148284e-06,0
R_HSERTA,38,65,0.0008038471011852557,0.02242237065818908,1.8024157655286624e-05,0
R_HSK,3,222,4.063975615056389e-06,0.009919418860627143,4.031227636511914e-08,0
R_HSST,3,67,0.0005642663622506982,0.03312736786237037,1.8692659354640416e-05,0
R_FASm2602,392,325,0.0020872868454451868,0.0005673985298691252,1.184323487520763e-06,0
R_HSTPT,38,20,0.00018794498749286884,0.021091841081912373,3.964105808341598e-06,0
R_IMPC,145,0,0.0,0.016851027964736275,0.0,0
R_FASm280,392,326,0.00210065433119016,0.0005662116154061609,1.189414882273129e-06,0
R_IMPD,160,221,0.0009400401711503798,0.0035663714229471183,3.3525324028130327e-06,0
R_HXPRT,5,7,0.0016383375733883215,1.3324315560768243,0.0021829726822889294,0
R_ICDHyr,76,98,0.0014566165012992924,0.005485643281539512,7.990478524132054e-06,0
R_ICHORS,1,2,0.0007205752069947748,3.221614067776872,0.002321415223745598,1
R_FASm2801,392,326,0.002088504488337424,0.0005662497846337727,1.182615216727734e-06,0
R_ICL,1,6,9.39019055916018e-05,0.3961656329826928,3.720070786697799e-05,0
R_INDPYRD,387,7,0.0014842217762816115,0.001331208435428918,1.9758085486333734e-06,2
R_INSH,145,3,0.0005609888112396202,0.01613989338567534,9.054299603964218e-06,0
R_ID3ACALDt,1,1,0.0007216219821261839,0.49873417721518987,0.00035989754551609673,1
R_FASm2802,392,325,0.0020872868454451868,0.0005673976343459441,1.1843216183070072e-06,0
R_IG3PS,3,233,0.002201733793552522,0.0036098593709072793,7.947949366898804e-06,1
R_INSK,5,225,0.0002168319586717287,0.009416038285205843,2.0416980243091686e-06,0
R_IPDDI,2,1,0.0,2.6106000876040296,0.0,0
R_IGAMD,144,3,8.348490341520755e-05,0.017587062353420155,1.4682542019325144e-06,0
R_FASm300,392,325,0.0020872868454451868,0.0005673976343459442,1.1843216183070074e-06,0
R_IGPDH,1,254,7.51119959698378e-06,0.0038004427488674904,2.854588404365342e-08,0
R_IPDPS,419,326,0.008610045511495036,0.0003106180890394027,2.6744358833228746e-06,0
R_IPMD,28,219,9.51917012176208e-05,0.009201408775225512,8.75897754912461e-07,0
R_IPPMIa,0,253,0.0,0.003911913241185637,0.0,0
R_IPPMIb,143,0,0.0,0.0217454541170701,0.0,0
R_IPPS,182,277,0.0016267676994736792,0.0020079897074474014,3.2665327969510354e-06,0
R_IGPS,387,259,0.003789478076461937,0.0005838852724711969,2.212620439198605e-06,1
R_ILETA,7,16,6.322491884376121e-05,0.3404859953482123,2.152719942332798e-05,0
R_ILEt2r,9,220,4.881958016625396e-05,0.009001107963601982,4.394303118141739e-07,0
R_KARA1,75,222,0.0009735828678466289,0.00645132067285188,6.2808952820733775e-06,0
R_KARA2,391,14,0.0008385754218568673,0.0017823507350998385,1.4946355195832445e-06,1
R_FASm3001,392,324,0.0020872826771111868,0.0005685131114030306,1.186647569142128e-06,0
R_Kabc,146,241,0.003883407327588969,0.002765371334896837,1.0739063305442865e-05,0
R_MI1PS,2,1,1.466420139814007e-06,2.7471827877041752,4.02852416763979e-06,0
R_FASm320,392,325,0.0020872868454451868,0.0005673980827308047,1.1843225542148284e-06,0
R_MI3PP,144,22,0.0008572106620065184,0.008899638864751362,7.628865322872455e-06,0
R_FASm340,392,326,0.0020898383552175096,0.0005662214441091882,1.1833112914460289e-06,0
R_MMCD,387,9,0.00022136305514373474,0.0017933591260510685,3.969834551125626e-07,0
R_Kt1,1,1,0.0,2.5,0.0,0
R_FBA,1,11,4.7521940989098844e-05,0.2972831229109736,1.4127471024030305e-05,0
R_LACZ,144,3,0.0003039903430266449,0.02034481405832747,6.1846270044042754e-06,0
R_FBP,144,22,0.0005992142057518995,0.012877864942123278,7.716599613074631e-06,0
R_LCTSabc,145,241,0.00027487502577935223,0.003495201559278432,9.607436187106911e-07,0
R_LDH_L,31,224,0.0001359759110853077,0.008309731771126747,1.1299233484534868e-06,0
R_MME,1,26,0.000726290516206483,0.12887863448256281,9.360332996632719e-05,0
R_MMM2,3,1,0.0007202881152460985,3.986731605484663,0.0028715953941066004,1
R_FCLPA,0,8,0.0,0.6836952630605109,0.0,0
R_MMSAD1,110,35,0.00015772396994517436,0.016327886651763865,2.575299103531017e-06,0
R_MMSAD2,110,222,0.0008880426789484923,0.003672434897750714,3.2612789248624763e-06,0
R_LEUTA,7,15,6.150069379485786e-05,0.36316260869736106,2.2334752395238184e-05,0
R_LEUt2r,9,220,4.881958016625396e-05,0.008964589596631265,4.3764750047030635e-07,0
R_FCLT,4,220,0.0003229180199150431,0.007174453905443881,2.316760449117686e-06,0
R_LO,6,259,4.593796283259268e-05,0.0033830040461970143,1.554083141367091e-07,0
R_MN6PP,145,21,0.0007644486621628137,0.006502790200566208,4.971049269148293e-06,0
R_MNDNS1,391,264,0.001617440426231249,0.0007496781087894384,1.212559679816626e-06,0
R_FCLT2,1,221,1.5056922833337197e-06,0.009834083404780945,1.480710349623886e-08,0
R_MNDNS2,419,312,0.0031081224997731647,0.0006043940323080086,1.8785306905451504e-06,0
R_MOHMT,146,6,0.00017298215540316396,0.015441304142754912,2.6710700728495495e-06,0
R_LPLIPAL2E160,144,224,0.0002918659416685372,0.0037571305100116957,1.096578434276155e-06,0
R_LPLIPAL2E180,144,223,0.0002460459827863885,0.0038841888150912248,9.556890543370182e-07,0
R_LYSt5r,0,8,0.0,2.0508221420560835,0.0,0
R_L_LACD,4,11,5.389721127923468e-06,1.3914512955496923,7.499534446100658e-06,0
R_MPML,145,240,0.0002746304835180033,0.0035367397646097368,9.712965516321212e-07,0
R_MSHAMID,144,2,0.0014970368030283682,0.00824837898789058,1.2348126910198082e-05,2
R_MSHOXH,144,224,0.0015344734414134893,0.00294678265944263,4.521759728532526e-06,0
R_MSHS,39,67,0.00031962797734905293,0.013658325853851077,4.365583066640696e-06,0
R_FCOAH2,145,278,0.000969445145118225,0.0022389757559319406,2.1705641766256275e-06,0
R_L_LACD2,5,12,4.847584695510146e-06,1.252635471488049,6.0722565406386025e-06,0
R_L_LACD3,7,14,9.359597617550916e-05,0.3980950254058206,3.72600925134719e-05,0
R_MTAN,144,1,0.00011156155799550542,0.01821108979544741,2.031657550376163e-06,0
R_Mn2t,386,39,0.003098358734044335,0.0016009815667086967,4.960415220255874e-06,0
R_MTHFC,145,221,0.0017512432954488368,0.003370563822734734,5.902677296446605e-06,0
R_MTHFD,78,75,0.00024261887794841907,0.023668657129424807,5.742463035286896e-06,0
R_MTHFR2,420,87,0.0016464670127095044,0.0011902103410899496,1.9596420647903296e-06,0
R_MTI,4,3,3.732315288345024e-06,4.6627600097208015,1.7402890470164738e-05,0
R_MYC1CYC1,2,221,1.6802682071910253e-05,0.009831608503395862,1.6519739193805003e-07,0
R_L_LACt2r,10,225,0.00010452871032383573,0.006757599867271714,7.063631990104358e-07,0
R_L_LACt3,12,220,0.0007642426023888505,0.002973312356161873,2.2723319727880746e-06,1
R_MALS,187,279,0.0031192155556384405,0.0013711845700053334,4.277020240412042e-06,0
R_MALT,145,2,0.00017572825402615476,0.014388251435282398,2.528422303211491e-06,0
R_MYC1CYC2,2,221,1.6802682071910253e-05,0.009831608503395862,1.6519739193805003e-07,0
R_NDPK7,5,7,1.3339371917954651e-06,0.6427651842722711,8.57408384892048e-07,0
R_MYC1CYC3,2,221,1.6802682071910253e-05,0.009831608503395862,1.6519739193805003e-07,0
R_MYC1CYC4,2,220,1.0677596087333918e-05,0.009914255128017593,1.0586041176375089e-07,0
R_MYC1CYC5,2,220,1.0677596087333918e-05,0.009914255128017592,1.0586041176375087e-07,0
R_MYC1M1,144,221,0.0005632590266269946,0.004178028196034805,2.3533120949187025e-06,0
R_MYC1M2,144,221,0.0005632590266269946,0.004178028196034805,2.3533120949187025e-06,0
R_MALTHPabc,145,240,0.0002746304835180033,0.0035367397646097368,9.712965516321212e-07,0
R_MALTabc,145,242,0.0005412052081294858,0.0034655728063230228,1.8755860519339377e-06,0
R_MALt2r,9,220,5.103792042238467e-05,0.00953908931519161,4.868552813707692e-07,0
R_MAN1PT,387,14,0.004339890561154268,0.0015515602618661895,6.73360173553512e-06,0
R_MAN1PT2,392,31,0.005174467623082658,0.001328991803188664,6.876825056941982e-06,0
R_MYC2CYC1,2,220,1.0677596087333918e-05,0.009876332416626337,1.0545548836897852e-07,0
R_MYC2CYC2,2,220,1.0677596087333918e-05,0.009876332416626337,1.0545548836897852e-07,0
R_MAN6PI,2,2,6.533233581745009e-05,0.44912906834283284,2.9342651118352446e-05,0
R_MANAT1,2,65,1.151207752320929e-05,0.03482360975395818,4.0089209512555375e-07,0
R_MANAT2,2,66,7.080192097720497e-05,0.03315538632228163,2.347465042358886e-06,0
R_MANAT3,3,64,9.512715869187047e-06,0.0340093643305731,3.235214197684066e-07,0
R_MCBTS,397,336,0.003310006290378179,0.0005016470198295726,1.6604547911853522e-06,0
R_MCBTS2,397,336,0.0032921385544469853,0.0005016470198295726,1.6514914947043672e-06,0
R_MYC2CYC3,2,220,1.0677596087333918e-05,0.00987633241662634,1.0545548836897853e-07,0
R_MYCON1,144,285,0.0008727614067883447,0.002137008437160082,1.8650984899343951e-06,0
R_MYCON2,144,285,0.0008727614067883447,0.002137008437160082,1.8650984899343951e-06,0
R_MYCON3,144,285,0.0008727614067883447,0.002137008437160082,1.8650984899343951e-06,0
R_MYCON4,144,284,0.0008727614067883447,0.0021471142374815855,1.8739184424397125e-06,0
R_MCBTS3,88,540,0.010513742108836644,0.0006191590915847148,6.509679013263261e-06,0
R_NDPK8,5,6,1.0839980812004252e-06,0.7339234308056601,7.955715907413686e-07,0
R_MCD,386,19,0.002984503827647578,0.0017507190280560143,5.225027640368622e-06,0
R_MCOATA,21,69,0.00036634736439248493,0.01236151178845731,4.528607263607968e-06,0
R_MDFDH,28,220,9.971929722661468e-05,0.009108055465738172,9.082488901444373e-07,0
R_MYCON5,144,285,0.0008727614067883447,0.002137008437160082,1.8650984899343951e-06,0
R_MYCSacp50,393,276,0.002640750131315109,0.0006943714713274729,1.8336615540894892e-06,0
R_MYCSacp56,393,276,0.002640750131315109,0.0006943714713274729,1.8336615540894892e-06,0
R_MYCSacp58,393,276,0.002640750131315109,0.0006943714713274729,1.8336615540894892e-06,0
R_MYCTR,77,222,0.0010011737674957683,0.006262364483121766,6.269715042998708e-06,0
R_MYCTR2,2,2,5.440621873022812e-06,1.1338655918145881,6.168933939894404e-06,0
R_MDH,31,222,0.001112578651156682,0.007746010263969578,8.618045651333089e-06,0
R_ME1,31,42,0.00016889523823293315,0.12234026212949656,2.066268771784081e-05,0
R_NH4OHDs,388,258,0.0015821250179998264,0.0007723415951092394,1.22194096006422e-06,0
R_MECDPDH,387,255,0.0015857254559197011,0.0007175478834836089,1.1378339446812623e-06,0
R_NADH10,421,89,0.0017966819311372745,0.0011703010411625377,2.102658734647871e-06,0
R_NADH2r,419,87,0.001104477764392658,0.0012288761377831836,1.3572663693742547e-06,0
R_NADH5,420,88,0.0011014581409628627,0.0012236052850541602,1.347750002548089e-06,0
R_MECDPS,1,5,1.7379810352925576e-06,2.57694888391749,4.478688289166921e-06,0
R_MEOHt2,0,1,0.0,265.0,0.0,0
R_NADH9,419,87,0.0018145250222306557,0.0011782479748160691,2.1379604326963527e-06,0
R_NADK,31,233,0.00025882275429411395,0.007747204160167799,2.0051527188134478e-06,0
R_MEPCT,388,4,0.0005413252834582837,0.0017757257494872747,9.612452446853723e-07,0
R_METAT,152,55,0.010939643684131303,0.0026975284425172392,2.9509999988948267e-05,1
R_NH4t,0,6,0.0,7.3014184482920275,0.0,0
R_METOX1s,20,254,0.001591311937673968,0.0019594969323580924,3.118170860296952e-06,0
R_METOX2s,20,254,0.001591311937673968,0.0019594969323580924,3.118170860296952e-06,0
R_METS,5,226,0.00030430815111113564,0.00806749669453889,2.455005003210328e-06,0
R_NADS2,148,320,0.002915765446779007,0.0017614070954876475,5.135849946734254e-06,0
R_NNAM,143,7,2.7374339582770485e-05,0.019214736740213463,5.259907285201397e-07,0
R_NADTRHD,40,39,0.0001726956301336872,0.13763135581344244,2.3768333718356155e-05,0
R_NAKtr,2,3,0.0021668667466986794,0.13310404127257094,0.00028841872088474255,2
R_METSOXR1,2,256,3.6579752360423605e-05,0.003799676223381141,1.3899121530107174e-07,0
R_METSOXR2,2,256,3.6579752360423605e-05,0.003799676223381141,1.3899121530107174e-07,0
R_METabc,145,244,0.0003617795446636254,0.003470297253813288,1.255482560332001e-06,0
R_MGt5,0,1,0.0,1.0,0.0,1
R_NAPRT,388,5,0.00032044450879450997,0.0018378431423644625,5.889267429963388e-07,0
R_NNATr,390,4,7.436544986697277e-05,0.0018324761630924022,1.3627291423887065e-07,0
R_NARK,3,1,0.0007216219821261839,0.23374029309521904,0.00016867213360612714,1
R_MHPGLUT,4,4,1.5928345067188054e-05,3.653952153008278,5.8201410752110575e-05,0
R_MI1PP,145,22,0.0009865973820375514,0.007848279566859089,7.743092074161985e-06,0
R_NNDMBRT,3,219,0.00040555623208586366,0.010206522582476856,4.139318841248592e-06,0
R_NNDPR,388,11,0.0005005414603912752,0.001803778494876504,9.028659220478616e-07,0
R_NO,1,3,0.0007276243830865683,0.24819727426219018,0.00018059438856879393,0
R_NO3R1,392,300,0.008069369617289827,0.0004670303067786968,3.7686401678735628e-06,0
R_PDH,131,45,0.0005355452295100051,0.004327068207923562,2.3173407365178702e-06,0
R_NAt,0,0,0.0,0.0,0.0,0
R_NDPK1,26,28,0.0015649490940092684,0.02842077783134396,4.447707051820043e-05,1
R_NDPK2,12,13,9.223344163109278e-05,0.33957034779563716,3.131974185305878e-05,0
R_NO3R2,391,298,0.006841022938336088,0.000529644035321723,3.6233069947887963e-06,0
R_NDPK3,5,12,1.1936511230784872e-05,0.7656998581535378,9.139784956260087e-06,0
R_NDPK4,9,7,0.0007560974605580909,0.17137701688020698,0.00012957772726114556,0
R_NOt,0,1,0.0,4.0,0.0,1
R_NPHS,1,67,0.00016447677857557393,0.03444068715883186,5.664693275813801e-06,0
R_NDPK5,6,8,4.897223596909769e-05,0.4643093449897206,2.2738266805493783e-05,0
R_NDPK6,5,5,1.0456946298469274e-06,0.8696511533252177,9.093895408723671e-07,0
R_PDHa,403,7,9.492120675731054e-05,0.0010845160470358986,1.0294357193231566e-07,0
R_PDHbr,82,14,7.529362093091394e-05,0.028485831712514117,2.144801414863845e-06,0
R_NTD1,145,21,0.0001229770038308185,0.014171670855463163,1.7427896210813922e-06,0
R_PDHcr,32,220,0.0024334054250216897,0.00691871781472952,1.6836045464557025e-05,0
R_PDIMAS,388,254,0.002979656954680687,0.0006141787188052518,1.8300418909049427e-06,2
R_PRAIS,4,241,6.0747568280431965e-06,0.0074674012406988465,4.5362646674673555e-08,0
R_PRAIi,1,1,3.859299554685356e-06,3.4624808575803985,1.3362750831766601e-05,0
R_PRAMPC,144,1,0.0007203074253951781,0.00836638281867873,6.026367667992929e-06,1
R_PDIMAT,1,1,0.0007216219821261839,0.49922239502332816,0.0003602498542185148,1
R_NTD10,145,20,9.766675302760052e-05,0.01139770575572823,1.1131769131259699e-06,0
R_PDX5POi,3,5,7.456204894104327e-07,2.7108242955198056,2.021246137931169e-06,0
R_NTD11,145,22,0.0001775305881647243,0.011685288571994353,2.0744961530606888e-06,0
R_PEAMNO,146,12,0.00024256360104678437,0.016667795322508228,4.043000454938344e-06,0
R_PRASCSi,6,241,0.0007818256512642713,0.005805624592174238,4.538986227772493e-06,1
R_PRATPP,144,222,0.000549716514226914,0.0035405568399274503,1.946302564467176e-06,0
R_PEPCK_re,6,13,0.00012555501104288345,0.16386256775353328,2.0573766503810108e-05,0
R_NTD2,152,21,0.000437580459320686,0.0037227634021327178,1.6290085194474742e-06,0
R_PFK,8,223,0.0030291209467314226,0.0035678170520490006,1.0807349366467181e-05,1
R_PRDX,12,253,0.0017815330655747425,0.00148651235380935,2.6482709106966976e-06,0
R_PREPHACPH,144,227,0.0006115504494224486,0.0034815026716378153,2.1291145235055613e-06,0
R_PFL,103,16,0.00023158730319355704,0.0065810075515032665,1.5240777911490754e-06,0
R_NTD3,144,21,4.991706494456108e-05,0.014340486268298726,7.158349843912539e-07,0
R_PGAMT,0,0,0.0,0.0,0.0,0
R_PGCD,30,220,0.0007881431328000865,0.004163303926761541,3.2812793996367428e-06,0
R_PGI,2,2,1.100056763824507e-05,1.5139408301551451,1.6654208502422566e-05,0
R_PREPPACPH,143,226,0.0005783794627238391,0.0035476120765935344,2.0518659668127715e-06,0
R_PREPTHS,392,324,0.0021927164412634216,0.000566122964361247,1.2413471317316923e-06,0
R_PREPTHS2,393,324,0.002194894520505198,0.0005649905549259637,1.240094673144189e-06,0
R_NTD4,155,22,0.000692362643287837,0.008990384529821661,6.2246063972414034e-06,0
R_PREPTTA,20,65,0.00036204773334964295,0.013197229570057648,4.7780270523342546e-06,0
R_PRFGS,148,254,0.0006362698271540309,0.0029178750988558162,1.856555884806041e-06,0
R_PGK,5,4,6.559353675753376e-05,0.21663689457146426,1.4209980107111307e-05,0
R_PGL,145,219,0.0010884634800995634,0.0030712933618399444,3.3429906610349934e-06,0
R_PGLS,2,220,1.070753565219649e-05,0.009876332416626337,1.0575118146397042e-07,0
R_PGLYCP,143,24,0.0006400929788596682,0.007756793126277059,4.9650688185968815e-06,0
R_PRMICI,1,1,0.0007263098263555625,44.90813648293964,0.03261722081087579,0
R_PROD2,8,222,0.00019570236911174032,0.009221992411156957,1.804765762793907e-06,0
R_PROabc,145,242,0.00039818292912974386,0.00349050793308569,1.389860672946668e-06,0
R_PGM,0,2,0.0,4.343629343629344,0.0,0
R_PGMT,2,7,0.00046579377214535573,0.10011643985042752,4.663361417169425e-05,0
R_NTD5,147,21,0.0003791326531797803,0.011050108555396653,4.1894569745321225e-06,0
R_PGPP160,144,21,4.985143667707185e-05,0.014296476926901098,7.126999142266288e-07,0
R_PGPP160190,144,22,0.0007701395519231707,0.008938849045325768,6.884161198476049e-06,1
R_PROt2r,9,220,5.003644340578874e-05,0.009790812949936148,4.898974580661436e-07,0
R_PRPPS,4,230,0.00023627200858968955,0.00334566964263283,7.904880865424076e-07,0
R_PGPP190,144,21,4.985143667707185e-05,0.014296476926901098,7.126999142266288e-07,0
R_NTD6,144,21,4.978719089486593e-05,0.014340615568801394,7.139789648738014e-07,0
R_PGPPT3,2,3,2.6335587209798564e-06,2.7615414854101092,7.27268166224946e-06,0
R_PSCVT,4,21,0.0036054743934877025,0.20044624707818426,0.0007227038111111025,5
R_PSD160,386,8,4.4884180017353406e-05,0.0018572269315629488,8.336010792934829e-08,0
R_PSERT,38,23,0.002299843529615065,0.018286648444846964,4.205643010422668e-05,0
R_PGSA160,6,222,0.0001400925290907567,0.008627904387338686,1.2087049463755123e-06,0
R_PGSA160190,6,222,0.0001727733338128028,0.008628524091845365,1.4907788732322104e-06,0
R_NTD7,200,24,0.0018337297507779674,0.0037901268983389796,6.950068452708008e-06,0
R_PGSA190,6,222,0.0002248737088376149,0.008627904387338686,1.94018885907718e-06,0
R_PHDCATA,20,65,0.0003731616823167812,0.013176614425747633,4.917007606351555e-06,0
R_PSP_L,144,30,0.0023960937330362105,0.011369772611505362,2.7243040900474745e-05,0
R_PSSA160,3,221,0.00016767310783372764,0.00892746113622551,1.4968951537757525e-06,0
R_NTD8,143,20,4.833139897288753e-05,0.014676842841324905,7.093523470264422e-07,0
R_PTAr,188,65,0.0017090169915698528,0.002807699785881703,4.7984066412988675e-06,0
R_PHDCAt,0,2,0.0,42.21895861148198,0.0,0
R_NTD9,151,21,0.00016396494196241348,0.01091085286061786,1.7889973560516405e-06,0
R_PHETA1,7,15,6.150069379485785e-05,0.36316260869736117,2.2334752395238188e-05,0
R_PTPATi,389,4,0.00030540844529691145,0.0018404693050819015,5.620948690817505e-07,0
R_PUNP1,151,1,7.470431964370686e-05,0.006272276443225542,4.685661443084136e-07,0
R_PHEt2r,9,220,4.881958016625396e-05,0.008964589596631265,4.3764750047030635e-07,0
R_NTPP2,144,224,0.00028421876583757514,0.003696567478555145,1.0506338465902603e-06,0
R_PHTHDLS,386,7,0.00022511509818144636,0.001817618121351619,4.0917328184444584e-07,0
R_PHTHDLS2,386,7,0.00022511509818144636,0.001817618121351619,4.0917328184444584e-07,0
R_PUNP2,150,1,7.401752629238766e-05,0.006347814233455407,4.698495069239782e-07,0
R_PUNP3,151,2,0.0002233825968078285,0.005994911303330738,1.3391588545706237e-06,0
R_PHTHS,14,16,2.516605008896455e-05,0.518103211973587,1.3038611383780709e-05,0
R_PUNP4,151,2,0.00022672111982859633,0.005994655109773352,1.3591149194740315e-06,0
R_PUNP5,151,1,0.0001395690801580731,0.00611503824080681,8.53470262400848e-07,0
R_PUNP6,151,1,0.00014075824798911768,0.006114977192675218,8.607334761343771e-07,0
R_PUNP7,150,1,0.00012174895606440165,0.006010881495113058,7.318185470568447e-07,0
R_PHTHS2,14,16,2.527302688135235e-05,0.5181227204869575,1.3094529442706287e-05,0
R_PHYCBOXL,386,7,4.3236464637327376e-05,0.0018533691676208225,8.013313047575056e-08,0
R_PIabc,145,240,0.0002746304835180033,0.0035367397646097368,9.712965516321212e-07,0
R_PLCD,144,220,0.0002795438187647828,0.004228306477589598,1.1819969396532639e-06,0
R_PYAM5PO,145,11,0.00022896036633275867,0.017115418712534535,3.91875253836046e-06,0
R_PYDXNO,4,6,0.0007277030701359358,0.09509536917950007,6.920119210763244e-05,0
R_NTPP3,144,223,0.0004536488024626571,0.0031898975988820387,1.4470932257113423e-06,0
R_PYDXO,178,5,0.0003696752172435631,0.005184644913534174,1.9166347347414804e-06,0
R_PYK,424,198,0.03946264653189397,0.00038515050222698776,1.519905813096506e-05,0
R_PLIPA1E160,145,224,0.00056915404592514,0.0037609263209516255,2.1405464319959694e-06,0
R_PLIPA1E180,144,223,0.0005431155429466638,0.003899170640431437,2.1177001794196108e-06,0
R_NTPP4,146,224,0.00034051458258628476,0.0034947975762045606,1.1900295378848557e-06,0
R_PMANM,0,2,0.0,1.9529411764705882,0.0,0
R_PMDPHT,144,22,0.001480895681368052,0.014118614971313576,2.0908195937916598e-05,0
R_PYRDC,403,9,0.00010198100242242286,0.0010833246215044322,1.1047853084991382e-07,0
R_PMPK,7,5,9.868821477890306e-07,2.894037057464677,2.8560735070517865e-06,0
R_PYRt2,9,223,6.198905539593588e-05,0.00931945668794024,5.777043168887526e-07,0
R_NTPP5,144,224,0.000453791899465223,0.0031476614078077727,1.428383249122467e-06,0
R_QRr,391,14,0.00011798888213017131,0.001787549640305064,2.1091098381178433e-07,0
R_PNCDC,386,6,3.9012851293881096e-05,0.0018667025791729637,7.282539013117914e-08,0
R_PNTK,4,222,4.2804763567672155e-06,0.009815132612338578,4.201344308565012e-08,0
R_NTPP7,144,223,0.0005366503078224755,0.003382839032680393,1.815401608201818e-06,0
R_PPA,252,238,0.03748373453066772,0.0004507942482150685,1.6897451928045558e-05,0
R_QULNS,5,274,0.0002597780637726691,0.002566025411782721,6.665971130643813e-07,0
R_NTPP8,145,223,0.00043763770226131594,0.003599068959939081,1.5750882699077636e-06,0
R_R05217,389,1,0.0005391946496154819,0.0018419151902220904,9.931508156132337e-07,0
R_R05219,145,222,0.00024264620477282815,0.003815923397003672,9.25919329986779e-07,0
R_PPAtr,0,1,0.0,98.99999999999999,0.0,0
R_NTPTP1,144,2,9.776514446293366e-06,0.01656672105221993,1.6196478769474058e-07,0
R_PPBNGS,1,460,0.000726290516206481,0.0011269339427769714,8.184814350300915e-07,0
R_R05224,148,238,0.0012036381302871844,0.0033690435654826346,4.055109298013587e-06,0
R_RBFK,5,223,0.0004245838356015156,0.0062684013438256804,2.661461885651202e-06,0
R_PPCDC,386,7,3.9012851293881096e-05,0.0018584922751273473,7.250508276036996e-08,0
R_PPCOAC,12,240,0.0009861097335895235,0.006657881585769766,6.565401836814018e-06,0
R_PPDIMAS,388,255,0.0033372974969973174,0.0006132235419486346,2.0465093916450076e-06,2
R_RBFSa,3,274,0.001143770366143036,0.0026447151943959136,3.0249468662382644e-06,1
R_RBFSb,1,3,2.223111466808946e-07,17.59664546140481,3.911930430262062e-06,0
R_RBK,5,227,0.002007468373882015,0.0055630829559076365,1.1167713095266655e-05,1
R_RIBabc,145,242,0.0005399955801437106,0.0034906846688277627,1.8849542928424039e-06,0
R_RNDR1,135,255,0.00497407886619378,0.0007902455034133964,3.93074345763324e-06,0
R_PPDIMAT,1,1,0.0007216219821261839,0.499223602484472,0.00036025072554901876,1
R_PPDK,174,227,0.008899476869100517,0.0010614608281110888,9.446446087230915e-06,0
R_G6PP,145,22,0.000275695216396023,0.011194964456414883,3.0863981483570873e-06,0
R_NTPTP2,144,3,8.611857947084685e-05,0.01864295795534549,1.605505056249077e-06,0
R_PPK2,113,5,0.00290127601085452,0.0021907166460301336,6.3558736517069e-06,0
R_RNDR2,24,255,0.002648468589745719,0.0024325200227402,6.442452874154962e-06,0
R_RNDR3,3,255,0.00013453419396988032,0.003375818978658371,4.541630852820285e-07,0
R_RNDR4,10,255,0.0005829819194185898,0.003151010077267561,1.8369819029527614e-06,0
R_PPNCL3,8,224,0.0001509505066080822,0.00673146324694697,1.016117787340331e-06,0
R_PPND,29,33,0.0001137185271770271,0.039941206033379105,4.542055123790061e-06,0
R_NTRIR2x,421,317,0.0035721859135124877,0.000584495126893301,2.0879252588049438e-06,0
R_PPNDH,387,257,0.0020884077178786194,0.0006641996058788037,1.387119583129231e-06,0
R_RNTR4,3,254,0.00034610126853928263,0.0036959787291576626,1.2791829266556728e-06,0
R_PPPGO,5,255,0.000826660467827968,0.0034162436638556257,2.8240735853772227e-06,1
R_NTRIRx,421,313,0.00326627861584189,0.0005872882329924526,1.9182469967588178e-06,0
R_PPTGS,1,219,7.331785307048433e-08,0.010277839703238686,7.535491412440443e-10,0
R_RPE,2,2,7.243462026496734e-05,0.6123395701252513,4.435458423523592e-05,0
R_RPI,1,4,7.29564183855444e-06,0.76105031618569,5.552350528009405e-06,0
R_PPTGS_TB1,1,220,7.331785307048433e-08,0.01019597417894703,7.475469367624905e-10,0
R_RPPDIMAS,2,220,5.962671478608237e-05,0.008968118575129878,5.347394484470367e-07,0
R_PPTGS_TB2,1,220,7.331785307048433e-08,0.010195974178947029,7.475469367624903e-10,0
R_RRPPDIMAS,2,220,5.905350628096763e-05,0.008888760584646431,5.249124790154355e-07,0
R_NTRIRy,393,265,0.0017753080037668746,0.0007261478747450678,1.2891361339532248e-06,0
R_RZ5PP,144,21,0.00022854387579504602,0.014193717780677496,3.243887273537094e-06,0
R_PRAGSr,7,241,0.00018236340846088857,0.007126489327441606,1.2996108841123965e-06,0
R_SADH,519,13,0.0004828485308380187,0.001095125933444919,5.287799480464929e-07,0
R_O16RHAT,2,220,0.0006806488418603506,0.006430344412301055,4.376806476995889e-06,0
R_SADT,388,5,0.0005444804844571647,0.0018438628781118466,1.0039473531469202e-06,0
R_SDPDS,143,4,0.0011145769506673401,0.010078809613918929,1.123360888583843e-05,1
R_SDPTA,6,15,5.748851774041769e-05,0.39420964017847876,2.266252789284415e-05,0
R_SERD_L,2,16,6.045815155741681e-06,0.825143671031287,4.988666111985284e-06,0
R_SERAT,40,65,0.0008234232721500941,0.021503254926834067,1.770628053373134e-05,0
R_O2t,0,36,0.0,0.026856933072873984,0.0,0
R_SERD_D,1,16,1.4089718632449197e-06,0.9529180574676436,1.3426347309499151e-06,0
R_TSULabc,145,241,0.0009949185987641028,0.0035057798431347266,3.487965569107038e-06,1
R_SERt2r,9,227,0.0001823479733168945,0.008024487581627101,1.4632490474162898e-06,0
R_SGDS,144,18,0.0006057033346147186,0.011491959840013003,6.960718396354304e-06,0
R_SGSAD,159,220,0.00032729278245357803,0.003827927376525644,1.2528530020933033e-06,0
R_SHCHD2,29,220,0.00020225251757414068,0.00894596326101508,1.8093435916660695e-06,0
R_OCBT,4,239,0.00190112726828941,0.0045386986138951976,8.628643697423508e-06,0
R_SHCHD3,29,219,9.535843457763147e-05,0.00907266243115318,8.651548868860554e-07,0
R_SHCHF,4,219,0.000320238895230277,0.007263535982951095,2.326066738645623e-06,0
R_TTDCAt2,9,221,4.701059369281972e-05,0.00957450369149173,4.501031028511202e-07,0
R_TYRTA,7,16,6.846681621164198e-05,0.3310449221399425,2.2665591841952773e-05,0
R_OCDCAt2,9,222,4.9793105547291775e-05,0.0086354086753834,4.2998381561736463e-07,0
R_SHK3Dr,391,14,0.0004588489676999513,0.0017854866406660996,8.192687019116936e-07,0
R_SHKK,5,222,0.0003516969292615331,0.009053969945087979,3.1842534273136536e-06,0
R_OCOAT1,4,3,1.8445796969506276e-05,1.1404959946875475,2.103735756254161e-05,0
R_SHSL1,5,222,0.00019325940466466347,0.006266081560195756,1.2109791919036575e-06,0
R_SHSL4r,144,227,0.0006522372900398138,0.00347620548293316,2.2673108438098668e-06,0
R_TYRt2r,9,222,5.7829411966483725e-05,0.007815616018926367,4.519724785303423e-07,0
R_UAAGDS,5,241,0.0003791423189520198,0.005086514464968294,1.928512889631071e-06,0
R_OMCDC,386,6,3.9012851293881096e-05,0.0018667025791729637,7.282539013117914e-08,0
R_UAAGLS1,6,241,0.00013908949659573422,0.005745949596161114,7.992012367945117e-07,0
R_UAAGLS2,6,241,0.00013908949659573422,0.005745949596161112,7.992012367945113e-07,0
R_SKMt2,9,219,5.178566689500789e-05,0.009866412606002331,5.109387566631435e-07,0
R_SOTA,7,16,7.237805225851958e-05,0.3469532216113023,2.5111798405044562e-05,0
R_OMPDC,386,8,0.00023195331595775293,0.0017774507000076789,4.1228558381821023e-07,0
R_SPMS,3,220,0.000860568420227438,0.009842634289832375,8.470260241677458e-06,0
R_SPODM,386,41,0.00985811827992078,0.0009746322394329808,9.608039895754394e-06,0
R_UAGCVT,4,21,2.3774087769506587e-05,0.24743710609722963,5.882591477788251e-06,0
R_UAGDP,389,10,0.006115638415257752,0.0011604453118436114,7.096863927916552e-06,0
R_UAGPT1,2,223,0.0014721864017551414,0.0064533392897712415,9.500518348313405e-06,1
R_UAGPT2,2,223,0.0014721864017551414,0.0064533392897712545,9.500518348313423e-06,1
R_UAGPT3,2,223,0.001472151299995139,0.006453146571188986,9.50000811383504e-06,1
R_SSALx,160,222,0.0008902733651795625,0.003336198390563661,2.9701285680737508e-06,0
R_SSALy,172,225,0.0020048902224117093,0.002918566208513187,5.851404854909302e-06,0
R_SUCBZL,85,12,0.0008405114357044483,0.024209027480408197,2.0347964444566334e-05,1
R_SUCBZS,1,254,0.00014451836635777466,0.003552031399732725,5.133337751408931e-07,0
R_UAMAGS,4,243,6.230826751286901e-06,0.007265569445841092,4.527050446647942e-08,0
R_UAMAS,9,241,0.0003312350071808507,0.005597346474008752,1.8540370995119981e-06,0
R_SUCCt2r,10,221,0.0005228634930581346,0.007965083267317803,4.164651259648686e-06,0
R_OPAH,146,253,0.0006762676959035342,0.0026618863382146716,1.8001477407015316e-06,0
R_SUCD1,18,7,0.00036980746408113994,0.0702718244802465,2.598704520739493e-05,0
R_SUCOAS,99,29,0.0033776054886902503,0.006266358646470984,2.1165287358422e-05,0
R_UAMRH,394,265,0.0019430566277094186,0.000737426921405188,1.4328622670877032e-06,0
R_UAPGR,391,15,0.00034655245511342494,0.0017339490360727117,6.009042954925549e-07,0
R_SULabc,145,240,0.0002746304835180033,0.0035367397646097368,9.712965516321212e-07,0
R_UDCPDP,150,244,0.0046641107979868025,0.0010320676701857244,4.8136779647663195e-06,0
R_ORNTA,9,16,0.00017874044136895575,0.08638447421415545,1.544039904846332e-05,0
R_UDCPDPS,3,4,4.2955254643483455e-06,1.2431918648976117,5.340162312738399e-06,0
R_UDPDPS,3,4,4.224541905232692e-06,0.856151606067667,3.616848337065131e-06,0
R_UDPDPS2,3,4,4.0211120436331225e-06,0.9587567471838779,3.855268303015608e-06,0
R_TALA,7,4,1.9625736834999156e-05,0.12558062631976447,2.464612323726066e-06,0
R_TARTD,1,254,0.00047195567708192533,0.0035058455190192152,1.6546036956733477e-06,0
R_TARTRt7,15,3,0.0016346498348876512,0.03584647052385643,5.8596427123126966e-05,2
R_TATS,392,253,0.001486477585647625,0.0007730413519708635,1.149108642483425e-06,0
R_TDMS1,388,256,0.002221910707207094,0.0007713914518311455,1.7139629262716473e-06,0
R_UDPG4E,1,1,1.5625662781076671e-06,1.4887218045112782,2.326226489212918e-06,0
R_TDMS2,388,256,0.002221910707207094,0.0007713914518311455,1.7139629262716473e-06,0
R_UDPGALM,2,1,0.0007286152921303525,0.659695974839297,0.00048066457542475207,0
R_ORNTAC,37,4,8.064219948191833e-05,0.026844251876382935,2.164779514758133e-06,0
R_UDPGD,159,219,0.0005496916181704734,0.004135981513607957,2.2735143709383217e-06,0
R_TDMS3,388,256,0.002221910707207094,0.0007713914518311455,1.7139629262716473e-06,0
R_UGAGDS,5,241,0.0003791423189520198,0.005086304123610399,1.9284331403208675e-06,0
R_TDMS4,388,256,0.002221910707207094,0.0007713914518311455,1.7139629262716473e-06,0
R_ORNt,0,3,0.0,7.146867730809335,0.0,0
R_TDPDRE,1,1,2.1150001909417702e-08,78.53539156626506,1.661023681583373e-06,0
R_TDPDRR,391,18,0.0033520830106075756,0.0011470690263455851,3.84507059520721e-06,0
R_TDPGDH,1,254,0.0012765375746963156,0.002592023093869195,3.308814873804623e-06,1
R_THDPS,147,64,0.00036143422486551027,0.006409917470509512,2.3167635524054975e-06,0
R_UGGPT3,2,221,0.0007516659531528512,0.006588921026204449,4.95266760341083e-06,0
R_UGLDDS1,5,24,4.3362209935897174e-05,0.10931933108145263,4.7403277844057975e-06,0
R_UGLDDS2,5,24,4.3362209935897174e-05,0.10931933108145263,4.7403277844057975e-06,0
R_UGMAGS,4,241,5.708948074121066e-06,0.007432888552754011,4.243397478840153e-08,0
R_UGMAS,9,241,0.00028645503849307827,0.005597087622164856,1.6033139502563657e-06,0
R_UGMDDS,5,241,4.76009505382824e-05,0.005426453908938516,2.583043641176515e-07,0
R_UGMDDS2,5,241,4.758952280870791e-05,0.005426453908938514,2.582423520698316e-07,0
R_THFGLUS,48,240,0.001456507714986629,0.002357940388684928,3.4343583675981687e-06,0
R_THMDP,144,239,0.0003574103721866484,0.0031304806481429804,1.118866253575883e-06,0
R_UMPK,12,6,0.0003503711685658839,0.046804179532794615,1.6398835076672676e-05,0
R_ORPT,110,11,0.0029795854152434784,0.0021411087723674184,6.379616470595828e-06,0
R_UPP3MT,2,223,1.5209106169493107e-05,0.009495345450794564,1.444157170771479e-07,0
R_UPP3S,1,255,0.0002477014569915146,0.0038395608958957084,9.51064828121012e-07,0
R_UPPDC1,387,8,0.0005733636560115268,0.0017538611077980919,1.0056002169035405e-06,0
R_THRD_L,2,7,3.353600293626105e-06,3.130782604534534,1.0499393461846514e-05,0
R_THRS,144,26,0.0007763726922207663,0.01091125578226604,8.471201027187288e-06,0
R_THRt2r,9,221,8.788786209024417e-05,0.007808728249999035,6.862924315361089e-07,0
R_UPPDC2,386,7,0.0007599678999800223,0.0010751872287904647,8.171077803492292e-07,1
R_OXACOAL,86,12,3.5725871888129e-05,0.02355098409048578,8.413794404560591e-07,0
R_UPPRT,3,5,3.144959051396264e-05,1.3753982409750312,4.3255711472289244e-05,0
R_THZPSN,9,471,0.001663114928194697,0.0010909447093247785,1.8143664319130636e-06,0
R_OXCDC,387,7,5.986861004441114e-05,0.0018434621493676195,1.1036551655212202e-07,0
R_TKT1,3,6,0.0010626276836288807,0.12942674302646218,0.00013753244014183988,1
R_TKT2,4,7,0.0006363829551907338,0.22428953892326844,0.00014273403959835668,0
R_UREA,520,12,0.0003094163479364806,0.0011190058313205326,3.4623869764682463e-07,0
R_OXGDC,391,8,8.499304589284405e-05,0.001779726154011341,1.5126434668458074e-07,0
R_URIDK2r,5,5,1.2974832775344124e-06,0.8651876431429204,1.12256649890735e-06,0
R_URIK2,3,222,0.00018413105084855128,0.008568199808415835,1.5776716346039635e-06,0
R_TMDK1,4,223,6.427803428610095e-05,0.008289053875349608,5.328040891990601e-07,0
R_TMDPP,150,0,0.0,0.006729632300881459,0.0,0
R_TMDS,5,4,2.6304874681160985e-06,0.6737857047011798,1.7723848524122277e-06,0
R_VALTA,8,19,0.0003884515753235251,0.12925055785362974,5.020758280968689e-05,0
R_VALt2r,9,220,5.199925802079428e-05,0.009122223696696474,4.7434886372792377e-07,0
R_XPPT,4,5,0.0007582427690943127,2.7634258372895184,0.002095347659053174,0
R_TMHAS1,6,253,5.3948664198667785e-05,0.003809580466205415,2.055217773091202e-07,0
R_TMHAS2,6,253,5.3948664198667785e-05,0.003809580466205415,2.055217773091202e-07,0
R_TMHAS3,6,253,5.3948664198667785e-05,0.003809580466205415,2.055217773091202e-07,0
R_TMHAS4,6,253,5.3948664198667785e-05,0.003809580466205415,2.055217773091202e-07,0
R_XYLK,4,223,0.0006299625908384548,0.006796091171673486,4.281283202081779e-06,0
R_P5CD,159,232,0.000633803266994903,0.003405017903841406,2.1581114716308197e-06,0
R_YUMPS,2,254,0.001064483313340614,0.001932642180165414,2.057265351444308e-06,1
R_S7PI,1,1,1.346391727795568e-06,4.327659574468085,5.826725051779118e-06,0
R_GMHEPK,4,222,0.0007304051271515358,0.004666340386414801,3.4083189432716492e-06,0
R_TMHAS5,6,253,5.3948664198667785e-05,0.003809580466205415,2.055217773091202e-07,0
R_TMHAS6,6,253,5.3948664198667785e-05,0.003809580466205415,2.055217773091202e-07,0
R_TMN,145,223,0.0008699141847256691,0.004081605868394498,3.5506468413759064e-06,0
R_TMPK,4,6,3.41302919492038e-05,6.578621515986771,0.00022453027296394216,0
R_HMEDS,3,254,0.00017699546177593015,0.0033019727120301725,5.844341849373008e-07,0
R_HMEDR,419,326,0.00861285039939433,0.0003104504528068278,2.673863306449438e-06,0
R_P5CR,390,14,0.0002827719356412286,0.0017949963640985836,5.07574596345124e-07,0
R_FRTT,3,6,0.0007231052914839752,0.17144453549811525,0.00012397245081469937,1
R_MCITD,1,253,6.310524721447389e-06,0.003896512007952623,2.458903535360163e-08,0
R_TMPPP,387,5,0.000307540924239463,0.0016303486815300323,5.01398940350336e-07,0
R_TPI,3,5,8.23924456659202e-06,0.3335371335573207,2.748094015418831e-06,0
R_TRDR,397,22,0.0040824455665852775,0.0016993841145413022,6.937643144334587e-06,0
R_TRE6PP,144,36,0.0007171811485646373,0.009725032422919246,6.974609922897562e-06,0
R_TRE6PS,3,223,0.0011752857521785598,0.0051965339812915165,6.107412348923646e-06,0
R_MCITS,155,278,0.002510309699898889,0.0018699082298694867,4.6940487673621335e-06,1
R_P5CRx,418,87,0.0012307376338960346,0.0012330926977501798,1.5176135892035343e-06,0
R_MICITDr,143,1,0.0007202881152460985,0.0176697419781245,1.2727305146308165e-05,1
R_MCITL2,1,13,0.0007262905162064818,0.4931896961440189,0.00035819899900015745,0
R_TRESULT,5,220,0.0001768218289978069,0.009581071869499103,1.6941426517242683e-06,0
R_TREabc,145,249,0.0009721269924421283,0.002873587579742242,2.7934920514138803e-06,0
R_TRIATS,391,253,0.001486477585647625,0.0007747812603210179,1.1516949772470107e-06,0
R_GLNabc,145,258,0.006241768742162687,0.0028578608957116726,1.7838106808302177e-05,0
R_TRPS1,3,259,0.00034587672213670954,0.0033018705177635904,1.1420401516039107e-06,0
R_TREP,152,6,0.0008264885275416107,0.005638605808093293,4.6602430117186e-06,0
R_PACt2r,9,218,4.2957610238046986e-05,0.010009065587358625,4.2996553834880064e-07,0
R_HDECH,144,228,0.0010384578627737361,0.003125224375939603,3.2454138261266236e-06,0
R_DTBTST,2,7,0.0006001665759319621,0.4028389633562188,0.00024177048128948302,0
R_TRPS2,3,254,0.00014307635532135048,0.0032493460635312395,4.649045919478271e-07,0
R_TRPS3,1,6,0.0001830970512262948,1.3578298119070915,0.000248614634627343,0
R_TRPTA,9,16,6.79999199828682e-05,0.2954013805506153,2.008727024027064e-05,0
R_TRPt2r,9,220,4.881958016625396e-05,0.009066108134563784,4.4260359287126377e-07,0
R_IPDPUDCT,3,4,4.224541905232692e-06,1.0573113397692162,4.466656061732775e-06,0
R_AHSERL2,2,224,0.0001673501636083957,0.0060465702019943035,1.011894512573397e-06,0
R_PANTS,6,225,0.00013869539421966715,0.0086458395456991,1.1991381241507245e-06,0
R_PYDXS,11,491,0.0020722852080107324,0.0007959620355612519,1.6494603524316948e-06,0
R_2O4EH,143,1,0.0007202881152460985,0.0176697419781245,1.2727305146308165e-05,1
R_G6PDH3,3,1,6.05397537388474e-07,2.0547875303512884,1.2439633107312143e-06,0
R_PLPS,10,491,0.0017341273416297803,0.0008675533327010566,1.5044479545589395e-06,0
R_PAPA160,146,21,0.00015596083726558937,0.011927274367707606,1.8601876966840812e-06,0
R_PDBL_3,7,491,0.0008850130312272742,0.0009518844995620831,8.424301863356961e-07,0
R_PDBL_4,6,491,0.0005468551648463222,0.0010547698943103967,5.768063644280498e-07,0
R_PAPPT1,2,3,5.820879628052544e-06,1.9455030262754887,1.1324538931961565e-05,0
R_EX_ni2_e,1,0,0.0,1.0,0.0,0
R_PAPPT2,2,3,5.820879628052544e-06,1.9455030262754887,1.1324538931961565e-05,0
R_PAPPT3,2,3,4.8434349046884e-06,2.7630622250137256,1.3382712024457473e-05,0
R_2PLS,4,220,2.3365950711696614e-05,0.00956101027741922,2.2340209489620226e-07,0
R_PAPSR,2,219,2.7236196215448977e-05,0.010159399622622073,2.7670340155289307e-07,0
R_PATS,391,253,0.001486477585647625,0.0007747812603210179,1.1516949772470107e-06,0
R_PC,25,243,0.0019741920843503037,0.0025039293599116107,4.9432375221098245e-06,0
R_PC11M,2,221,1.0693106167334912e-05,0.0097736537846171,1.0451071756168532e-07,0
R_PC17M,2,221,0.0007411723953505926,0.009832043930453126,7.287239551126199e-06,0
R_PC20M,2,220,1.0677596087333918e-05,0.009877195643483909,1.054647055566954e-07,0
R_PC6AR,390,14,0.0006424583430205435,0.0017949963640985836,1.1532103898066764e-06,0
R_PC6YM,2,224,4.9480438188966524e-05,0.009521819005984563,4.711437767721458e-07,0
R_PC8XM,386,1,4.048546968461138e-06,0.0019019769783221604,7.700243129669057e-09,0
R_PDE1,144,221,0.0005388815149181231,0.003377073474545467,1.819842469952871e-06,0
R_PDE4,144,221,0.00056638282531975,0.0030515530053126278,1.7283472127619402e-06,0
R_FAD_5,114,43,0.00020741903210720492,0.014183343625646676,2.941895406875528e-06,0
R_FAD_6,114,43,0.00020741903210720492,0.014184616950307462,2.9421595186442264e-06,0
R_FAD_7,114,44,0.00021784359841040587,0.014094840893659947,3.070470859297024e-06,0
R_FAD_8,115,43,0.00026601085542574576,0.01378287166809208,3.6663934826524496e-06,0
R_FAD_9,115,43,0.00023648790559476155,0.013556931530053482,3.206050343833934e-06,0
R_HIPB,419,87,0.0013463823243479967,0.0011570487881969796,1.5578300368366825e-06,0
R_HIPA,419,87,0.0012440595451119318,0.0012238254819907967,1.5225117724218611e-06,0
R_CHOLCOA,5,4,1.6313190618044608e-05,2.338009037246695,3.8140387091316294e-05,0
R_ECHA191,144,1,4.666474044849964e-05,0.01579199218446135,7.369292164526238e-07,0
R_FADE30,6,4,1.9958628182544215e-05,2.4980003042625265,4.9856659272658084e-05,0
R_FAD_10,114,44,0.0002585623865807489,0.014097356184194349,3.6450460594641704e-06,0
R_FAD_11,115,44,0.00024567293668725337,0.013691848333115774,3.363716588673027e-06,0
R_FAD_12,114,43,0.00020741864480555567,0.0143163330163911,2.969474392844875e-06,0
R_FAD_13,205,234,0.0014557008056276153,0.0023450626657287566,3.413709611748594e-06,0
R_FAD_14,205,235,0.0015910910759278606,0.0023158419818051757,3.684715510509306e-06,0
R_CYP3,421,313,0.003086318971011874,0.0005964141971918003,1.84072445137387e-06,0
R_CYP2,28,219,9.51917012176208e-05,0.009201408775225512,8.75897754912461e-07,0
R_PRCOA1,1,222,0.0007264700280022353,0.00981321138890973,7.129003952493106e-06,0
R_NIt5,0,1,0.0,1.0,0.0,1
R_EX_mn2_e,1,0,0.0,387.0,0.0,0
R_LPPGS,387,4,0.0006049115685847244,0.0018349003414517397,1.1099524437442183e-06,0
R_DMHDRFS_1,148,13,0.0003419161816263087,0.009029472300328103,3.087322691028707e-06,0
R_LPFPLT,2,222,0.00037514406609418996,0.008788636609617144,3.2970048731560312e-06,0
R_FADE281,5,4,9.677263425995375e-06,2.9238864214037035,2.829521912761456e-05,0
R_GF4GL_0,39,241,0.0009405256040444334,0.0026376475079418274,2.4807750156632816e-06,0
R_FAD_15,116,43,0.00030028291246533937,0.013767947544272815,4.134279387264258e-06,0
R_GF4GL_1,39,241,0.0013047646319247928,0.0022327622692618525,2.913229240429006e-06,0
R_FAD_16,114,43,0.0002189053161925319,0.014301003078630147,3.1305656007979045e-06,0
R_CPMPS,144,4,1.886793289680356e-05,0.01869361769580444,3.527099242829378e-07,0
R_FAD_17,144,219,0.00022717366137591644,0.004250109869538879,9.655130203130656e-07,0
R_FAD_20,114,43,0.0006703640273181398,0.006756806628396737,4.529520103221939e-06,0
R_FAD_18,144,1,4.599216161345672e-05,0.02015376220904799,9.269150886377116e-07,0
R_FAD_19,29,27,0.0007339022660044209,0.29133681949739587,0.00021381275199965977,0
R_FADD3,451,12,0.0002705448509885416,0.0012419749656410546,3.3600993201085814e-07,0
R_KSTD,29,219,9.563632351098257e-05,0.00907184880509179,8.675982671664792e-07,0
R_FADD17,451,24,0.0014500180103892318,0.001129294635628599,1.6374975606974137e-06,0
R_FAD_1,114,43,0.0009343602150844611,0.004414908963787881,4.125115288983159e-06,0
R_FAD_2,114,43,0.00020743529877647425,0.014183343625646674,2.9421261226354194e-06,0
R_FAD_3,114,43,0.00020741903210720492,0.014183343625646676,2.941895406875528e-06,0
R_FAD_4,114,43,0.00020741903210720492,0.014183343625646674,2.9418954068755278e-06,0
R_HSAC,4,1,5.5016394885675935e-08,4.527626644031445,2.490936953429417e-07,0
R_HSAE,144,219,0.0021332075462184383,0.003799509422563057,8.105142172139575e-06,1
R_HIAA,144,13,0.0001543690379360092,0.016420042366349932,2.5347461429619507e-06,0
R_IPDAB,451,12,0.000495336688484187,0.0011788010799311278,5.839034233146682e-07,0
R_FAD_25,114,43,0.00020741903210720492,0.014183343625646676,2.941895406875528e-06,0
R_FAD_26,114,43,0.00020742267655223247,0.01418587448265822,2.942472054426984e-06,0
R_FAD_27,114,45,0.0002555362133335015,0.01408022226344279,3.5980066800942347e-06,0
R_KSH,421,313,0.0038064137093858576,0.0004896819478029468,1.8639320793559064e-06,1
R_ECHA193,144,1,0.0007204676270418509,0.015775078213461687,1.1365433166852341e-05,1
R_CYP1,422,312,0.0032435603805702606,0.0005719050982943695,1.8550087182737575e-06,0
R_HIBD,29,220,9.522775167383932e-05,0.008939243355713625,8.512640464299151e-07,0
R_FAD_21,114,44,0.00026273838169178277,0.014093575628016,3.702923252755675e-06,0
R_ALDR,390,14,0.00013012669565757158,0.0017949963640985836,2.3357694557750393e-07,0
R_AL4D,29,220,0.00021126521699962728,0.009037022256439578,1.9092084680371687e-06,0
R_MACCOAT,82,16,7.152822685565942e-05,0.02778466306842668,1.9873876830664854e-06,0
R_FAD_22,114,43,0.00020741864480555567,0.014184616950307462,2.9421540249186878e-06,0
R_ACCOAC,42,241,0.0016095913277102678,0.004573398388749482,7.361302384695278e-06,0
R_MANT1,2,3,2.8021649476567638e-05,0.502494227644594,1.4080717111055396e-05,0
R_ARABT,2,2,1.0513783424687794e-05,0.4211663066954643,4.428051334371748e-06,0
R_HOAS,396,7,0.0008354527574792648,0.001211667117108937,1.0122906341356127e-06,1
R_SR1,1,6,0.0,7.644286187387894,0.0,0
R_CHSTEROLt_1,145,242,0.0004978609510098101,0.003081896096823168,1.5343557216778043e-06,0
R_FAD_23,114,43,0.00020741903210720492,0.014183343625646676,2.941895406875528e-06,0
R_MGSA,3,21,3.416822080596281e-05,0.08330832540119373,2.8464972572829877e-06,0
R_EX_chsterol_e,0,0,0.0,0.0,0.0,0
R_FAD_24,114,43,0.00020741903210720492,0.014183343625646674,2.9418954068755278e-06,0
R_MOEA1,2,260,0.0003131913023784597,0.00362194033210395,1.134360209748707e-06,0
R_MPTAT,389,4,0.0006110032143050248,0.00183537638995758,1.121420873723634e-06,0
R_MOBA,414,279,0.004819559849656344,0.0006748620511113574,3.252538045593025e-06,0
R_ALCD22_L,29,220,0.00020078689219958507,0.005820416777304953,1.168663396021386e-06,0
R_GLYCS_I,7,1,0.0006854908148099432,0.4065737073470008,0.000278702541929595,0
R_GLYCS_II,144,227,0.002889094271101173,0.002619328388073734,7.567486640116494e-06,0
R_MOAE1,387,3,0.00023693875247133588,0.001872537433393944,4.436766834242383e-07,0
R_FADE51,82,4,0.00011686107541319677,0.024689144969160828,2.8852000321284513e-06,0
R_MOEB1,5,224,0.0004886524739576525,0.007492787358561512,3.6613690795997073e-06,0
R_LCADi,159,226,0.0015397799624834614,0.002732852033172939,4.207990801111879e-06,0
R_CYST_II,2,28,0.00012068170456962703,0.11466264334638533,1.3837683249500985e-05,0
R_MOBDabc,146,242,0.00045282925948888516,0.0034971210634817105,1.5835987415194054e-06,0
R_FADE52,82,14,0.00014641047221043772,0.021957617634272668,3.2148251664500957e-06,0
R_MOBDabc_rev,146,242,0.0009955855322041456,0.0014837907117543462,1.4772405654415188e-06,1
R_NTP3,144,240,0.0004969297711527513,0.003472928343224795,1.725801486828601e-06,0
R_ISCS,7,10,0.00017248571476421315,0.09501913773988886,1.638944388934395e-05,0
R_PHBADA,2,2,7.603744845396533e-06,0.7312762606847892,5.560438097742817e-06,0
R_HIAt,0,0,0.0,0.0,0.0,0
R_PHBADB,2,3,1.1455732614560376e-05,0.7438557900140244,8.521413034193233e-06,0
R_PHBADC,389,5,0.0016266406781702796,0.001537805153331296,2.5014564175085703e-06,0
R_GLYTRS,6,11,6.702869829889098e-06,0.6974303810930784,4.674785059876851e-06,0
R_SELCYSS,0,238,0.0,0.007847369638678641,0.0,0
R_TYRTRS,4,11,9.83532279570115e-07,0.8963609298603299,8.815999086631183e-07,0
R_PHBADD,2,220,0.00038704902285716374,0.009974401167081043,3.860582225304071e-06,0
R_PAPA1,2,65,8.336668000533547e-07,0.034038522343857514,2.8376786000948308e-08,0
R_BIOMASS__2,412,240,0.018815271541111896,0.00020677560726191547,3.890539198711249e-06,0
R_ECHA20,144,1,4.6677000724354835e-05,0.016204271868139112,7.56366809726772e-07,0
R_CHOL1,29,219,9.535843457763147e-05,0.009110801011748784,8.68791722228665e-07,0
R_PAPA2,387,65,0.0008354235214113276,0.0012521777515466384,1.0460987466300112e-06,0
R_FADE282,5,4,1.2486979879398493e-05,2.399156376901086,2.9958217405894448e-05,0
R_HOPNTAL2,1,11,2.190050458961988e-06,2.068636598427,4.5304185318106176e-06,0
R_ECHA192,144,1,4.667272731403817e-05,0.015791992184461347,7.370553449707864e-07,0
R_HSA,4,255,0.000754480924246817,0.0022110605711367242,1.6682030232769307e-06,0
R_FADB3,29,220,0.0008307307446123602,0.008781944803036517,7.295431545371172e-06,0
R_FADB2,29,220,0.0008307307446123592,0.008758746174721228,7.276159731596819e-06,0
R_CHCD,29,220,0.0008254037489992165,0.008860360023667923,7.31337438101829e-06,0
R_HDAD,144,3,0.0007273677150650474,0.01287234394117536,9.362927400024127e-06,0
R_CHOD,4,6,2.0988954854758783e-06,1.9976901597371755,4.1929428576519435e-06,0
R_MI3PS,2,2,1.7666029875921642e-06,2.0172671550393977,3.5637101828641453e-06,0
R_NAGINSP,388,3,0.0005874703625375623,0.0015454793393403878,9.0792330777661e-07,0
R_NAGINS,144,239,0.000654512956779828,0.003537263088632329,2.3151845230488926e-06,0
R_LAT,8,15,8.542241383445445e-05,0.17511078791329002,1.4958386192006446e-05,0
R_KGD2,485,84,0.006579353400966575,0.0005724823483462415,3.7665636855851756e-06,0
R_ASPO6,5,223,0.0003902658026096598,0.008923773115712826,3.4826434773101707e-06,0
R_ECOAH12,144,1,1.156331445926843e-06,0.01585175300120877,1.832988046836291e-08,0
R_FADE233,5,4,2.0771368695599626e-05,2.915291812262987,6.055460108777731e-05,0
R_BKDC,449,2,0.0004165218464943531,0.0011828034460189007,4.926634753756764e-07,0
R_BKDA2,3,7,3.9352507297861225e-06,1.5785105493256457,6.21183479120884e-06,0
R_3HSA,1,1,3.6843697379975647e-06,95.72306143001006,0.00035267915076121097,0
R_GGTT,3,4,1.4388471284557708e-06,0.5186644751746565,7.462788907370739e-07,0
R_MMPL8,2,64,0.0,0.03474749769060107,0.0,0
R_ACYP_2,145,240,0.0005010453355639626,0.0032892573439081887,1.6480670496347065e-06,0
R_GTPDPDP,144,239,0.0002528752437098417,0.0035168294561896997,8.893191058199203e-07,0
R_PPGPPDP,144,6,0.000244851763564647,0.01832215679552955,4.486212403693392e-06,0
R_3HBCOAHL,144,278,0.0012539354294324612,0.0022514739820522697,2.8232029945407263e-06,0
R_AKGDa,391,7,8.88845298068205e-05,0.0017700748039356422,1.5733226667071953e-07,0
R_AKGDH,114,37,0.002117075483578618,0.007780012655486106,1.6470874054861017e-05,0
R_ACt2r_1,386,40,0.003262961578281719,0.0015362481659996028,5.01271874036246e-06,0
R_PKS2,392,327,0.0038561457142930545,0.0005562664573707666,2.1450445155952617e-06,0
R_MAS3,2,65,9.009878570893726e-06,0.03544201887359804,3.1932828635844197e-07,0
R_EX_nodcoa_e,0,0,0.0,0.0,0.0,0
R_EX_gln__L_e,0,0,0.0,0.0,0.0,0
R_NODCOAt,0,2,0.0,24.91521739130435,0.0,0
R_EX_4hba_e,0,0,0.0,0.0,0.0,0
R_4HBAt,0,0,0.0,0.0,0.0,0
R_EX_octscoa_e,0,0,0.0,0.0,0.0,0
R_OCTSCOAt,0,1,0.0,157.0,0.0,0
R_SIRA2,147,220,0.0008606338315695835,0.0034658815642927576,2.9828549304436577e-06,0
R_ATPM,145,240,0.0002746304835180033,0.0035367397646097368,9.712965516321212e-07,0
R_VPAMTr,7,12,2.37366383922507e-05,0.21349904899142744,5.06774972299893e-06,0
R_4ABZt,1,1,0.0007216219821261839,0.49780701754385964,0.000359228486716324,1
R_CHLabc_rev,146,242,0.0009955855322041456,0.0014837963715056937,1.477246200208076e-06,1
R_GCALDD,161,223,0.0017390203691481107,0.001568523684241708,2.72769463638757e-06,0
R_EGTB,5,1,1.150276696048943e-05,3.177064409440725,3.654503152026164e-05,0
R_EGTC,38,53,0.003056394180290143,0.009245714199923974,2.825854707327357e-05,2
R_EGTE,1,17,0.0007375253022570874,0.05200209929001589,3.8352863996872034e-05,1
R_APSR,3,221,0.00028655656410852686,0.009402375003202202,2.694312275377522e-06,0
R_PYDXNtr,0,1,0.0,10.0,0.0,0
R_EX_pydxn_e,0,0,0.0,0.0,0.0,0
R_TMDS3,393,19,0.0007448633045860356,0.0015844298804482317,1.1801836766355271e-06,0
R_SHSL2r,2,225,0.000170458515094552,0.005637720568520395,9.609974766280001e-07,0
R_MHUD1,148,5,0.002006184069396669,0.007061958838450857,1.4167589320435111e-05,0
R_OTSB1,144,239,0.0009639487909175003,0.002653374511350897,2.5577171520680104e-06,0
R_GLYALDDr,158,220,0.00037816789236333476,0.004107814141735639,1.5534434162004675e-06,0
R_FORt,0,3,0.0,12.654462242562927,0.0,0
R_MYCOPP,3,10,0.00022915617431283644,0.14697304295963712,3.36797802517466e-05,0
R_CYSK2_I,387,21,0.001347913763892546,0.0009945492359283248,1.340566603976604e-06,1
R_TMMYCO,2,2,3.1546796394510505e-06,2.977650172003175,9.393532371026335e-06,0
R_MYCOE,162,223,0.0050050183302335904,0.002335831440859791,1.1690879177839193e-05,0
R_CYSM_I,2,21,0.0008986519212406932,0.14141450476976947,0.0001270824164026545,1
R_PPM1,3,4,2.1811556913321284e-05,1.3423681984300972,2.9279140358690625e-05,0
R_CYSM_II,1,9,1.1070607056206416e-05,0.7724936605145989,8.551973768967641e-06,0
R_PEPA,151,253,0.0075300006519254566,0.0013804201284150109,1.0394564466896055e-05,0
R_NADDP,158,221,0.0003048168385094595,0.003919747307739065,1.194804982100987e-06,0
R_GLYCLTt,0,4,0.0,0.7062780269058296,0.0,0
R_EX_glyclt_e,0,0,0.0,0.0,0.0,0
R_NMNAT,388,89,0.0010513805580278472,0.0012882887236248931,1.354481717145723e-06,0
R_CYSO_I,146,222,0.0010149879252844766,0.003205694575891312,3.2537412866796227e-06,0
R_EGTD,3,221,1.441798582915026e-05,0.007139754853663819,1.0294088430373173e-07,0
R_NO3t3,10,219,0.001342969830259229,0.002583714377276627,3.4698504586895213e-06,1
R_ROSFE,398,256,0.0050404057375674,0.000566383392776348,2.8548021026127944e-06,0
R_CYSO_II,2,9,4.3750171960651074e-05,0.49832378780738273,2.1801751408655993e-05,0
R_MNabc_rev,146,241,0.0010207192855828716,0.0014898354002097175,1.5207037253381345e-06,1
R_ACONMT,1,2,1.4389307994681179e-07,20.41076874951122,2.936968379449306e-06,0
R_MANPGH,143,3,0.0007939114675057054,0.011768686985861834,9.343295555560865e-06,0
R_ADOCBIAH,145,2,0.00014303496559717825,0.02047432328381562,2.928544126526073e-06,0
R_THMP,144,21,7.584679328489179e-05,0.014318475162076138,1.0860104257728463e-06,0
R_ADOCBLabc,145,240,0.0002746304835180033,0.0035367397646097368,9.712965516321212e-07,0
R_COB2,84,303,0.0015500607635632495,0.0030315975849010035,4.6991604672681525e-06,0
R_EPH,143,0,0.0,0.0217454541170701,0.0,0
R_FBPA,144,228,0.0008654057881365635,0.003391219976465726,2.9347813964777796e-06,0
R_DGTP8DETOX,143,221,0.00022022891582757197,0.004202682558769691,9.255522234852951e-07,0
R_DGTP8OXO,2,253,8.271445786883133e-05,0.00361985222928938,2.994141147109516e-07,0
R_GTP8OXO,2,253,6.956015034275712e-05,0.003805720882253284,2.647265167321087e-07,0
R_TAG,8,65,0.00035142138368483085,0.014754503230308054,5.185047940777163e-06,0
R_LIPY,144,24,0.00022007248167245873,0.012195521989535692,2.683898789528161e-06,0
R_LIPW,144,219,0.0009985213130430507,0.0016709970901187007,1.6685262085164421e-06,0
R_CBL2OR,418,313,0.003145481195237489,0.0006083466036689562,1.9135428020272952e-06,0
R_VIUB,147,25,0.00014146832069389682,0.009710356712362134,1.37370785743658e-06,0
R_DRBK,3,222,0.0007286824782834167,0.008032849338019926,5.853396563305663e-06,1
R_5DOAN,146,1,0.00011297188351492095,0.01208368955536548,1.3651171688792158e-06,0
R_CHOLK,4,221,3.6130015746465745e-06,0.009993281095340974,3.6105740333352783e-08,0
R_PC_TBt,0,1,0.0,363.0,0.0,0
R_AKGt2r_1,386,57,0.0059321131119417815,0.0011045060632155486,6.5520548998201535e-06,0
R_BIRA,146,225,0.0003093316180609234,0.0036993684701654744,1.144331634679849e-06,0
R_MBTK3,388,10,0.00042575680972040646,0.0016849094327960397,7.173616647750615e-07,0
R_ACCD3,39,220,0.0010319442846092033,0.0055025105610275,5.678284324454109e-06,0
R_EX_co_e,1,0,0.0,1.0,0.0,0
R_MBTG,17,267,0.0002369871740815981,0.0028945096873968313,6.859616711679849e-07,0
R_PHEMEt,0,2,0.0,38.12459016393442,0.0,0
R_EX_pheme_e,0,0,0.0,0.0,0.0,0
R_ACCA3,5,24,8.450826434669104e-06,0.2965055507660869,2.5057169464401694e-06,0
R_MBTA3,422,312,0.0033980816471787024,0.0005879414663699352,1.997873106487011e-06,0
R_GMHEPPA,144,21,0.000772601419590363,0.004260746804419704,3.291859029609766e-06,1
R_ALCD19y,390,15,0.0013851188564435522,0.0015157643356983874,2.099513763300471e-06,0
R_EX_pc_TB_e,0,0,0.0,0.0,0.0,0
R_HEMEOS,147,5,0.0002676326997659431,0.006965305363049129,1.8641434790070409e-06,0
R_HEMEAS,144,219,0.00048004101599749983,0.004284170921047862,2.05657776164676e-06,0
R_GSEALD,410,265,0.007762130219643259,0.0004551444857592987,3.5328907672162434e-06,2
R_ALCD2ir,423,87,0.0015709515692305788,0.0008949895052787085,1.4059851677624866e-06,0
R_CPPPGO2,2,12,1.1889249238453832e-05,1.659155723358441,1.9726115920415662e-05,0
R_DM_ergoth_c,1,0,0.0,18.0,0.0,0
R_DM_tbsinol_c,1,0,0.0,148.0,0.0,0
R_DM_isotbsinol_13S_c,1,0,0.0,148.0,0.0,0
R_DM_isotbsinol_13R_c,1,0,0.0,148.0,0.0,0
R_DM_psd5p_c,1,0,0.0,256.0,0.0,0
R_EX_hia_e,0,0,0.0,0.0,0.0,0
R_FPRA,460,77,0.0007405204774098131,0.0011902388227174605,8.813962212304278e-07,0
R_COCO2,146,224,0.0007703564046080564,0.003815436204541899,2.939245716542306e-06,0
R_ACALDt,0,3,0.0,44.6617883276816,0.0,0
R_EX_acald_e,0,0,0.0,0.0,0.0,0
R_DM_cpppg1_c,1,0,0.0,392.99999999999994,0.0,0
R_DM_scys__L_c,1,0,0.0,408.0,0.0,0
R_DM_gmhep1p_c,1,0,0.0,165.0,0.0,0
R_NMO,5,10,0.0007439775311804422,0.050978237914222575,3.792666358735253e-05,0
R_ETOHt3,10,219,0.0007700054678587122,0.003032235524550663,2.334837933739441e-06,1
R_OCDCEAt,0,3,0.0,24.02941198515909,0.0,0
R_EX_ocdcea_e,0,0,0.0,0.0,0.0,0
R_UREAt_2,9,218,4.2957610238046986e-05,0.010009065587358625,4.2996553834880064e-07,0
R_EX_etoh_e,1,0,0.0,229.0,0.0,0
R_MTAP,151,1,7.485119309244104e-05,0.006279063027866749,4.699953591384615e-07,0
R_PKS122,81,253,0.0026023509019943696,0.0022592161182051116,5.87927310301129e-06,0
R_PKS121,392,324,0.0021157228264965943,0.0005688356010912987,1.2034984657527716e-06,0
R_ORNDC,389,7,0.0003662650970530109,0.0014587795036242186,5.343000164738676e-07,0
R_MBTA1,422,312,0.0033980816471787024,0.0005879414663699352,1.997873106487011e-06,0
R_HACD9,29,220,0.0008306387808731848,0.008786029081775053,7.2980164852019765e-06,0
R_ECOAH9ir,144,1,4.6683962715656136e-05,0.01579199218446135,7.372327743453268e-07,0
R_ACOADH1,5,4,2.015894358158378e-05,2.324467609643373,4.685881140001967e-05,0
R_BKDC1,82,2,0.00011834649725990974,0.025356902054459247,3.000900539507861e-06,0
R_MAK,5,222,0.001128908878731071,0.007000514616159378,7.902943105868959e-06,1
R_GLGE,1,23,1.9575349166247952e-05,0.11501805647165736,2.2515186158559177e-06,0
R_TREY,145,17,0.0006728165923769019,0.011806349273546818,7.943507686639282e-06,0
R_GLGB,2,2,0.0,4.626592856659808,0.0,0
R_GLGP,152,4,0.0005814612957371036,0.004700334546628628,2.733062615880553e-06,0
R_AMYL2,1,225,0.0010933216847148716,0.006264823902119393,6.849467823107171e-06,0
R_DHORDi,3,5,7.456204894104327e-07,2.7108242955198056,2.021246137931169e-06,0
R_SHCHCS3,1,11,0.0007264699493338317,2.0352432217317022,0.001478543040173454,1
R_SEPHCHCS,392,7,0.0017044591700297687,0.001373373211744655,2.3408585646314126e-06,2
R_SALSYN,1,15,0.0005254901025853485,0.1667127631698128,8.760590702039183e-05,0
R_APPLDHr,419,87,0.0013023750129720292,0.0012287088561211824,1.600239712429672e-06,0
R_AOBUTDs,386,7,3.9012851293881096e-05,0.0018592639417816443,7.253518767680248e-08,0
R_THRD,30,219,0.00013322858097345052,0.00892010394284614,1.1884127904410722e-06,0
R_EX_adocbl_e,0,0,0.0,0.0,0.0,0
R_DMBI,421,314,0.004256673397669478,0.0005733148612286869,2.44041411828072e-06,0
R_BARB,159,219,0.000664996525259945,0.00409441519632181,2.722771878525519e-06,0
R_HETZK,4,221,3.897817594452243e-06,0.009989985928771145,3.89391429214945e-08,0
R_EX_mobd_e,1,0,0.0,388.0,0.0,0
R_TBSYNLDPS,1,3,4.046062869592282e-06,1.9028571428571428,7.699079631852741e-06,0
R_TBSNLS1,144,4,0.0009792822131767067,0.0042485582381408295,4.160537514256681e-06,1
R_TBSNLS2,144,4,0.0009792822131767067,0.004248558238140827,4.160537514256679e-06,1
R_TBSNLS3,144,4,0.0009792822131767067,0.004248558238140826,4.160537514256678e-06,1
R_3M2OPLOXRD,388,7,5.249779059835751e-05,0.0017754765444490202,9.320859584278005e-08,0
R_BPNT2,144,22,0.0003176350474580153,0.01411342631501398,4.4829188373646675e-06,0
R_G3PD5,7,8,0.0019476602001843387,0.34845815521471035,0.0006786780803413481,0
R_G3PD1ir,421,93,0.003975954955234925,0.0009668563936831506,3.844177469465092e-06,0
R_G3PT,148,23,0.0005399447338949517,0.008553506766833632,4.618420935086655e-06,0
R_DHORD2,2,2,1.0854536271260339e-08,86.37481910274964,9.375586068743464e-07,0
R_PPAKr,135,190,0.010474757901268119,0.0009792243118901878,1.0257137598085581e-05,0
R_PTA2,158,65,0.0017692361444335675,0.003182596014218172,5.630763901484998e-06,0
R_EMB,2,3,0.0008096285545731309,0.33606470712624237,0.0002720875830736622,0
R_BTNTe,3,1,0.0007216219821261839,0.20723684210526316,0.000149546660769571,1
R_EX_btn_e,1,0,0.0,4.0,0.0,0
R_GLYDHDA,160,227,0.00041595785608198097,0.0038121414214375214,1.5856901727424668e-06,0
R_OPP,3,4,0.0006296119398648546,0.8468701147431857,0.0005331995357570292,0
R_HEXTT,3,4,2.116313406331986e-06,0.4650620000263573,9.842169454313464e-07,0
R_PPTT,3,4,1.6611582751366656e-06,0.4650620000263573,7.725415897953916e-07,0
